ID,TARGET,TEXT,STANCE
2401,深圳禁摩限电,#深圳禁摩限电#关注了下这个话题，看到好多的评论是普通百姓对于懒政暴权的意见，同时有好多五毛在支持，五毛支持我觉的有可能，可是谁在出钱给五毛？,AGAINST
2402,深圳禁摩限电,建议对快递员的三轮车进行规范管理，而不是一刀切的全禁掉。快递垮掉或者成本增加，经济势必会受到影响，最关键，对百姓生活影响太巨大了。建议多调研吧。 ,AGAINST
2403,深圳禁摩限电,#深圳禁摩限电#啥时候把四个轮子的也禁了，那样就没车祸了！,AGAINST
2404,深圳禁摩限电,现今的热点用成语来形容最妥贴不过了，比如说深圳的禁摩限电……削足适履，更热的债转股……刻舟求剑，老先人先知先觉啊 我在#白银路# |兰州·白银...,AGAINST
2405,深圳禁摩限电,绝大部分网友都没了解禁电摩出发点就开始喷…快递公司的电摩备案后是可以使用电摩送快递的！ ,FAVOR
2406,深圳禁摩限电,典型的懒政！穷人才用电动车！他们需要一个快捷便利低成本的交通工具，你可以去规范，你可以去加强管理，但是你这样做让别人底层的百姓更是愤怒你代表的政府！批准该行动的直管领导你肯定不是穷苦出身，体会不到那种生存味道！而且你的执政能力和你的位置不匹配！,AGAINST
2407,深圳禁摩限电,瞎折腾，瞎指挥，瞎了眼！,AGAINST
2408,深圳禁摩限电,车行如龟， 人行如梭， 限电限行鹏城路， 看特区， 决禁意， 可怜草民争无力， 万辆电摩钱变土， 禁，百姓苦， 限，百姓苦。 @深圳交警,AGAINST
2409,深圳禁摩限电,电商和快递代表的新经济打破了传统以地产开发租赁的旧商业模式，也打破了之前的利益权利分配，中央政府借助新经济发展的契机，通过营改增等手段收回地方政府的财权和事权，地方政府也以禁摩等方式进行反抗，本质上是利益和权利之争。中央以地方的博弈，苦逼了快递哥！ ,NONE
2410,深圳禁摩限电,我看过不了几天就有人要将深圳告上法庭了//【深圳禁摩限电对准餐饮业:只可自行车送外卖】 http://t.cn/RqGvKJp,AGAINST
2411,深圳禁摩限电,深圳风光 福田车堵 南山心焦 望北环内外 车流茫茫 银湖上下 汽笛啸啸 路困铁甲 恰似蚂蚁 前方有路无处绕上立交 看南来北往 尚未过桥 交通如此糟糕 引无数英雄竞折腰 叹现代大众 慢如蜗牛 奔驰宝马 无处发飙 一代天骄 兰博基尼 泪看电摩随意超 俱往矣 数风流人物 把车卖掉。 |深圳·深圳...,NONE
2412,深圳禁摩限电,顶着深圳的骂名，北京高调禁电摩，权力就是任性！,AGAINST
2413,深圳禁摩限电,【电动自行车几乎全超标 电动车出行再次引关注】前段时间，在深圳等地进行的堪称史上最严的禁摩限电专项整治行动一直让不少依靠电动车出行的市民心生忌惮，而通过记者调查发现，目前我国市场上的所有电动车几乎全超 http://t.cn/RqJnTdC,NONE
2414,深圳禁摩限电,【深大女生忘拔钥匙 保安贴条画画卖萌】13日，深圳大学一女生在微博上贴出保安为其画的漫画，众网友皆赞保安有心有才，还很萌。她说：“我总是忘记拔电摩钥匙，楼下保安亭保安帮我收了好几次，13日下午又忘了，发现保安贴了两张纸在电摩上。”有网友调侃说这字体……恶ξ意卖萌是犯法的！,
2415,深圳禁摩限电,东莞和深圳的差距：一份肠粉，东莞3块钱，深圳千4块钱（原关外）；一条路上，东莞除了机动车，看不到摩托车（包括电摩），深圳除了汽车、三轮摩托、二轮摩托、电摩、自行车，还有扭扭车，滑板车，只要是车，都在深圳路上跑。还有一种10个轮子的，旱冰鞋，穿在脚上，同样上路。,NONE
2416,深圳禁摩限电,深圳，深圳；你禁摩限电的精神干嘛不转换外来务工就业，今年过了四分之一还有多少人找不到工作得不到生活保障！广东省相关政府你干嘛去了？有没有考虑与关注外来务工人员情况！到了公交与地铁农民最后一站如何解决？ |深圳·坪山...,AGAINST
2417,深圳禁摩限电,挺好的。 支持！谁都不愿意看到拉客电动车横冲直撞。但是请务必做到区别对待，快递是民生。 ,FAVOR
2418,深圳禁摩限电,深圳禁摩背后是路权利益的博弈！这在全国应该只是开始。首先，政府懒政。鉴于大量电摩不规范，给予禁止的理由。其次，政府大力鼓励电动汽车政策。电动汽车150公里的续航，很鸡肋。远不及电摩来的实用，造成冲击。最后，比亚迪在深圳的影响。,AGAINST
2419,深圳禁摩限电,深圳禁摩限电，还不是某些领导的面子工程，他们代表的是一部份人的利益，只要给钱，扶持他们的反对派领导上位就可以了，政治是为经济服务的嘛。 ,AGAINST
2420,深圳禁摩限电,今天下午19:00多开车梅华路上西往东行，KFC送外卖的电动车，从梅中路直接飚到中间车道。我紧急刹车abs抱死轮胎，后车差点追尾。我说那电动车你这么危险骑车不怕撞死你啊？他很嚣张的说你来啊，你来啊……有本事你撞死我啊！！！@深圳交警 @深圳交警机动训练大队 支持禁摩限电 |深圳·梅林...,FAVOR
2421,深圳禁摩限电,不是禁摩限电吗？东滨路交通压力那么大但是摩托车、电动车照样跑也没人管！@深圳交警,FAVOR
2422,深圳禁摩限电,以后，有没有可能机动车上 驾驶电摩 等没有路权的车辆，驾驶者 当酒驾一样。拘留16天？@深圳交警 @广州交警,NONE
2423,深圳禁摩限电,深圳在《关于调整交通综合整治奖励项目及标准的通知》中明确“悬赏”：对无证驾驶、妨碍执法当事人实施行政拘留的，拘留一人奖励500元。政府部门的执法人员已经享有工资待遇，为什么一次正常的出勤执法需要加增这么多执法赏金，『媒体:深圳禁摩限电有法律依据吗_手机新浪网』http://t.cn/RqLakJh,AGAINST
2424,深圳禁摩限电,现在不是全深圳市都在禁摩限电吗，横岗的摩托车电动车电动三轮车载客现象很严重，而且还各种逆行，横冲直撞，为什么横岗没有开展行动？,FAVOR
2425,深圳禁摩限电,载着小孩还冲#禁摩限电# @深圳交警 @深圳宝安交警 |深圳·新安...,FAVOR
2426,深圳禁摩限电,电动货车上路就不占用道路资源了？政府缺乏对于三轮车的明确标准规定和交通规则上的规定，要让老百姓承担后果？这未免也太霸道了。。还是为人民服务的吗？,AGAINST
2427,深圳禁摩限电,深圳禁摩限电，说是为了民众安全，但电动车的死亡率多高？强行推出，是否违反了国家的立法法？深圳交警称电动车违章多禁止电动车那是找借口，过于牵强。9成以上的道路交通事故与汽车有关，汽车为何不禁行，制定这些政策的都是权贵，禁不禁和他们都没关系，谁让这些政府是为人民（币）服务呢？,AGAINST
2428,深圳禁摩限电,#深圳禁摩限电#支持深圳的这次行动，摩托车电动车拉客本身就是违法的，看看东莞的大街小巷多少以电动车拉客为营生的人，还振振有词的说：一没偷二没抢 。,FAVOR
2429,深圳禁摩限电,深圳禁摩限电，引起国人热议，我认为这种做法是深圳市政府工作思路简单化表现，应该规范运行，并不能简单一禁了之，电动车超标应该查生产厂家才对，没有合格证能出厂吗？至于车祸多，难道汽车也有车祸，就不允许汽车跑了？,AGAINST
2430,深圳禁摩限电,#我是歌手#一直以来都很关注，我喜欢美好的声音。这种美好一直都是由 @听果 带给我的，我正在用 @听果 收听 #锵锵三人行 深圳“禁摩限电”# 2016.4.7 嘉宾：许子东 马家辉 @康康去哪儿了,NONE
2431,深圳禁摩限电,支持，被电动车在人行道上撞过 ,FAVOR
2432,深圳禁摩限电,如今，城市的规划、建设和管理，往往是以牺牲弱者的生存生态为代价。弱势群体的生活状态已有恶化趋势。而弱势群体也被这个社会剥离出来，在社会中越来越难找到自己的位置。如以前上海取缔小饭馆、路边食摊，近日深圳的禁摩限电，给弱势群体的生存生活带来不便，更重要的是这些人因此失去了谋生的机会。,AGAINST
2433,深圳禁摩限电,抓人没收车都是表演给上头看的，真正有用的做法还是出个规定规范一下。最近我都不敢买东西了，主要是还没发工资。,AGAINST
2434,深圳禁摩限电,禁摩限电say no@王思妮NINA @政协委员韩志鹏,AGAINST
2435,深圳禁摩限电,自行车下降，但电动车大福上升。坚决支持禁摩限电。。。。 ,FAVOR
2436,深圳禁摩限电,雷声大雨点小！！摩托车电瓶车怎么不抓？？想抓钱吧！！ ,AGAINST
2437,深圳禁摩限电,深圳禁摩限电的信心，估计来自外牌机动车市内限行那次——咋就这么顺利呢，像样的反抗都没有？不过和屌丝掰手腕的麻烦，比中产大多了。不过既然你们决心搞嘛，试试咯。,AGAINST
2438,深圳禁摩限电,西丽珠光路上这三岔路口的红绿灯坏掉了，公交车私车电摩行人过马路完全乱套了，瞅准空档就冲今天一个四五岁的孩子独自过马路，气球掉了又突然返回去捡，差点被公交撞上，把司机师傅和我们一众路边人吓得要死小苹果跳得好，可这些紧要问题还得速速解决才是啊！@深圳交警 |西丽,FAVOR
2439,深圳禁摩限电,西游记里有个国王梦到和尚睡了他的女人，后来把所有和尚杀光了。,AGAINST
2440,深圳禁摩限电,#深圳禁摩限电#政府已经妨碍老百姓正常生活了，要是在民主国家早就下台了,AGAINST
2441,深圳禁摩限电,支持深圳交警，力挺行动力，哪怕有不周全，但是确实是会建设深圳更美好。内些抵触的人您们的格局去哪里了你来告诉我说要靠道德约束电动车不上马路您确定这不是在岛国？我大天朝啥时候素质觉悟，，，诶，都懂得。乱世用重典，不废话，下猛药死不了。做事做人凭良心。反对的有几个是从大局看的。 ,FAVOR
2442,深圳禁摩限电,#深圳禁摩限电#以长年主要以步行+公交为交通主要手段的人来看，电动车和摩托真的对交通影响很大，尤其电动车，总能自如的在机动车道和人行道上自由切换，既能跟着机动车走绿灯，也能跟着斑马线走绿灯，还能窜上人行道自由穿梭。,NONE
2443,深圳禁摩限电,近日全国部分省市又开始禁电禁摩，将老百姓的利益置于脑后。全世界都在关注的中国“禁摩限电”！来瞧瞧世界各国怎么说？,AGAINST
2444,深圳禁摩限电,4月11日，雨，服役了将近5年的电动车终于完成使命，在深圳禁摩限电的运动中成为了牺牲品！而就在昨天就家庭商定，一旦电动车在运动中被收缴就不再取回了！太无奈，生活在最底层的人只能成为被压迫的阶层，即使仅仅为了接送孩子上下学的工具！,AGAINST
2445,深圳禁摩限电,#深圳禁摩限电#为什么要限电，一个油头电动车危险，汽车不危险吗？其实真正原因是为有钱人让路，贫民根本就不应该生活在城市里，现在城市里根本就没有非机动车道，即使有也是有名无实，非机动车道全部都被汽车做停车场了，我们的城市怎么了？难道四个轮子才能救国吗？贫民就应该扫地出城吗？请三思！,AGAINST
2446,深圳禁摩限电,這就是羅湖口岸區域，短短一段路，電摩電三輪逆行衝燈數起@深圳交警,FAVOR
2447,深圳禁摩限电,一个冤案平反昭雪难，铲除腐败更是难上加难，深圳的禁摩限电一点也不含糊，执行起来雷厉风行。过期疫苗，水污染又是无能为力了。,AGAINST
2448,深圳禁摩限电,#限制了电动车，你如何出行# 面对国家的禁摩限电，作为社会基层小民，我们是选择努力抗争，还是改变自己顺应国家政策。每次改革都会牺牲一部分人的既得利益，我们要如何应对？,AGAINST
2449,深圳禁摩限电,#深圳禁摩限电#呵呵，你们咋不蹲在买电动车和买摩托车行门口买一个抓一个呢,AGAINST
2450,深圳禁摩限电,又见中国特色！可笑的是帝都部分街道也限制电瓶车了！为了少部分不守交通规章人的性命而剥夺大部分人的日常生活必须品！这是道理么？到底是领导们想眼...//【深圳禁摩限电对准餐饮业:只可自行车送外卖】 http://t.cn/RqGPSED,AGAINST
2451,深圳禁摩限电,#深圳禁摩限电#好事？规范电瓶车的违章行驶是最合理，要不出事儿太大了，人命关天,FAVOR
2452,深圳禁摩限电,#深圳禁摩限电# 针对摩托车和电动自行车交通违法，@深圳光明交警 今天将联合各部门开展行动，注意！下面四类情况一律拘留：1、对无证驾驶摩托车的，一律予以行政拘留。2、对利用电动自行车、电动三轮车兜客揽客实施非法营运的，一律以扰乱公共场所秩序予以行政拘留。3、对违规使用电动（机动）三轮,FAVOR
2453,深圳禁摩限电,"看看查酒驾市民有那么大情绪吗？什么是合法合理？什么是挥舞权力大棒在老百姓心里还是有杆称的。禁摩限电所以会有这么大动静只能说明两件事:1，这个社会穷人占多数，买不起汽车。2,政治先于民生。【扒掉深圳“禁摩限电”的遮羞布】 http://t.cn/RqJei7u（分享自 @一点资讯）",AGAINST
2454,深圳禁摩限电,纯家里自制的电动代步车—Z-Kart通过六个铅酸蓄电池组成，续航里程能够达到 32 公里，最高时速 64 公里。不过我大深圳近期在抓电摩，看来是用不了了。,NONE
2455,深圳禁摩限电,亲身体会深圳禁摩限电后给周边带来各种冲击，直逼部分特殊行业发展。1.外卖行业：近期网上外卖送餐店铺已很多缩小范围，甚至加收配送费，且配送慢而效率低；2.快递行业：多数已提价，甚至出现囤仓。前几天因友人赠送一植物快递后显示已揽件到达xx点，却两天没动静。便直接致电投诉，客服便称因深圳禁摩,AGAINST
2456,深圳禁摩限电,我国的产能过剩跟资本主义国家产能过剩根本区别，傻傻不懂，有点像天书。http://t.cn/Rq92ur3,NONE
2457,深圳禁摩限电,#深圳禁摩限电#怎么说，感觉不太好，如果这样，那么深圳有那么多的农民工怎么办呢？他们买不起车啊，搭公交地铁都要转那么多次，要花的时间也很多啊，个人觉得道路规划很重要。,AGAINST
2458,深圳禁摩限电,近日有网友留言如下，经警叔核实：4月12日8时分许，共乐派出所结合市局统一禁摩限电查扣行动，由民警带队在辖区各路段进行查扣，网友父亲（赵某）骑电动车在西乡地铁站附近被民警拦截下来，当时民警已出示工作证件表明身份是派出所查扣电动车，要求配合工作，赵某不愿意配合，与巡防队员发生争执双方拉,NONE
2459,深圳禁摩限电,#深圳禁摩限电#@深圳交警 只要大家认同了公权力可以肆意而为的权力，只要大家认同了为了所谓正确可以不择手段的做法，大家就得为自己成为这种权力的对象做好准备。而这种权力施加的对象，更多时候是弱者！,AGAINST
2460,深圳禁摩限电,#深圳禁摩限电# 广州也是，过不了多久，将会出现大量自行车行驶在机动车道上，到时自行车交通事故又会直线上升，现在卖电动车的赶紧改行卖高端自行车吧。,AGAINST
2461,深圳禁摩限电,黑龙江省也应当学习深圳，在哈、齐、牡、佳来一场史上最严厉的“禁摩限电”整治行动，这东西交通事故率太高，而且管理混乱！！ — —「深圳禁摩限电 立交桥下成“电单车坟场”-新闻图片库-大视野-搜狐」,FAVOR
2462,深圳禁摩限电,#深圳禁摩限电#主要是人多。强制计划生育，别强制生二胎了哈。,NONE
2463,深圳禁摩限电,许多人不了解深圳，表象上是个最开放的城市最年轻最具活力城市，但实际上骨子里却又是一个极度保守思想迟钝的城市，从这里禁这禁那就可以看到，还有以前有 许多在案逃犯，纵横全国偏在深圳落了网，不要以为深圳和国外差不多是天堂其实是铁幕，保安和协警一样能当警察用。深圳是特区就任性管你洪水滔天！,AGAINST
2464,深圳禁摩限电,简单地禁摩限电限制了公民的自由。宪法赋予了公民自由出行的权利，这是基本一个社会价值取向，在不妨碍社会秩序的情况下，人的个性和自由应该充分地彰显。摩托车电动车的问题是监管不到位，而政府直接采取禁止限制的方式无疑是一种懒政。@北京天则经济研究所 |【李稻葵：...,AGAINST
2465,深圳禁摩限电,"【锐评:快递小哥的诗和远方】郑州板车送货引起围观,深圳禁摩限电又让快递小哥叫苦不堪。如何将摩托车、电动三轮车与汽车一样纳入城市交通管理,从来都是难题。然而,快递小哥不能横冲直撞,当自己是公路之王;对于城市管理与公共决策而言,政策也需对接社会的需求 |没了电三轮...",NONE
2466,深圳禁摩限电,【深圳禁摩限电快递企业现状：待交警下班后再收派】深圳“禁摩限电”后，有快递企业直言，因派件车辆不敢上路派送和接件，日接件量从8万件迅速下降到1万余件，另一些快递企业则表示，待交警下班后才收派快递。http://t.cn/RqLXVmf,AGAINST
2467,深圳禁摩限电,深圳"禁摩限电"不像是改革开放之城的作派,AGAINST
2468,深圳禁摩限电,本来就应该禁，有些人就是觉得你弱你有理，逆道行驶，违规载客，要是遵守交通规则还好说，你能想像台湾人一样守规矩？政策有时候就是不应该被舆论影响,FAVOR
2469,深圳禁摩限电,买四轮被限，买两轮被禁，呵呵，普通人只能自行了断了 ,AGAINST
2470,深圳禁摩限电,生活在江苏好开心，我们穷，道路还算宽，有非机动车道，出行电动车没问题。#深圳禁摩限电#,AGAINST
2471,深圳禁摩限电,以目前电动车在深圳到处载客运营，危险频发的状况，当你见过晚上电动车悄无声息，无尾灯无头灯从身边窜过，看到电动车在快车道上你追我赶并行，逆行，就应该支持交警对非法营运电动车的打击。不过，这种运动式打击能持续多久？长期效果存疑。现在可以说是治标，必须标本兼治。不然最终就是白折腾！ ,FAVOR
2472,深圳禁摩限电,#深圳禁摩限电##深圳交警# 支持禁摩这一行动，摩托车非法营运每年都能酿成几起悲剧，闯红绿灯，不礼让行人，与机动车抢道，比比皆是！交警执法需要温和一点，切勿暴力执法！,FAVOR
2473,深圳禁摩限电,深圳再掀‘’禁摩限电‘’风暴：无疑这场风暴成为了深圳又一特色，城市建设发展布局没有前膽性，中心城市的拥堵，事故，犯罪突显，不是好好去诊治，却将病根推卸到电摩上，简单的做法就是不负责任。如果禁摩限电后依然出现道路拥堵，车祸事故，治案犯罪，电摩的罪状还会成立吗？ |成都·北泉...,AGAINST
2474,深圳禁摩限电,#深圳禁摩限电#怪不得我的京东快题这么慢 |深圳·公明...,NONE
2475,深圳禁摩限电,刚看了窦骁的纪录片《骑行新西兰》然后再看国内，有点绝望。。。。利弊怎样都无所谓了，但是自由呢？,AGAINST
2476,深圳禁摩限电,#深圳禁摩限电#社会需要发展，但我不觉得发展就应该禁摩限电，交通事故的发生需要大家需要时间，最好的措施是加强交通管理，需要交通部门的耐心与加强交通配套措施，而不是牺牲最广大小老百姓的最最简单的出行方式。不过这里是深圳，改革需要试点，让我们等等看看吧。,AGAINST
2477,深圳禁摩限电,我们大深圳不是禁摩吗？请把摩的治理干净好吗？ ,FAVOR
2478,深圳禁摩限电,#禁摩限电#你对深圳禁摩限电怎么看？如果石家庄也这样你支持吗？,NONE
2479,深圳禁摩限电,深圳禁摩限电对准餐饮业:只可自行车送外卖 相信这些规则制定者没吃过外卖，骑自行车送外卖不要说送到还能不能是热的，就只是来回晃好好的饭都会变成折箩。人类的进步就因为当权者不想管理，硬逼着人类要退回原始社会，靠人力运输而不是机器。朱门酒肉臭，路有冻死骨。,AGAINST
2480,深圳禁摩限电,支持深圳市政府禁电摩等非才标车辆整治行动！实际上，购买使用这种非标车辆的单位和个人，是因为这种车辆不需要行驶证、驾驶证，不缴纳叫任何其他费用，正是因为政府管理上的空白才造成了今天的泛滥，所以我最后要说一句，先前你们干嘛去了！,FAVOR
2481,深圳禁摩限电,禁摩限电？也不知道是哪位高官提出来的，你们一天上下班都有专车接送，我们老百姓有什么？我们老百姓买的起的交通工具也就是这俩样。 |密山·裴德...,AGAINST
2482,深圳禁摩限电,#深圳禁摩限电# 有关部门在下决定的时候能不能考虑周全一点，全面禁摩，禁电动车，快递的电动三轮也禁止上路，直到现在半夜了，还在路上查，导致快递员不敢开车上路，快件全部滞留，堆积如山。,NONE
2483,深圳禁摩限电,这就是典型的政府无能，把压力都给百姓来承担，请问政府我们要你们有什么用//【深圳禁摩限电对准餐饮业:只可自行车送外卖】 http://t.cn/RqGPSED,AGAINST
2484,深圳禁摩限电,#深圳禁摩限电#不应堵，而应疏。。国内的自行车道什么的都被汽车堵了，全部是汽车道，在不有个空隙就被停车了。。为什么不严格把车道分类好，交通规则制定好，机动车道不得占用非机动车道，自行车摩托电车在自己车道行使驶，汽车在自己车道行驶,AGAINST
2485,深圳禁摩限电,#深圳禁摩限电# 话说 为我逛商场找了个更好的借口,NONE
2486,深圳禁摩限电,禁摩限电需要这种火爆吗？拿不出国家标准，上路没有标准，为何厂商还在大肆生产？谁之过？ |秒拍视频,AGAINST
2487,深圳禁摩限电,强烈支持深圳交警！限制措施出台只要符合大部分人利益就好，不可能让所有人满意！何况有些自私自利的商家根本就不是人！电动车商家勾结段子手写一些颠倒黑白的文章打悲情牌说什么快递员辞职潮，我所在的龙岗快递业根本没有受到影响！,FAVOR
2488,深圳禁摩限电,死喷子们 你们有几个是特么真正从小生活在这个城市的？不了解城市环境就别bb,FAVOR
2489,深圳禁摩限电,#深圳禁摩限电#南山大队禁摩限电整治持续中，严查摩托车，电动车交通各种交通违法，无证驾驶要拘留。,FAVOR
2490,深圳禁摩限电,看来我要少了一批粉丝在地铁门口向我挥手了,NONE
2491,深圳禁摩限电,@深圳交警 你们可以管管福龙路的泥头车吗，乱插队占道，管管这泥头车的电摩小贩吧，逆行占道，难道真等撞死两个你们才会防范于未然吗 |福龙路,FAVOR
2492,深圳禁摩限电,如果小轿车不要牌照，交管也不备案，比电摩还敢逆行，闯红灯就目前的国人素质。//【可笑的深圳禁三轮】 http://t.cn/Rq26fyE,AGAINST
2493,深圳禁摩限电,电动车给老百姓出行带来很大便利，也是发展方向，限制禁止这不合中国国情。,AGAINST
2494,深圳禁摩限电,说好的以人为本呢，有暴力执法才出现的暴力抗法，冤冤相报，循环往复，循环往复，循环往复。 ,AGAINST
2495,深圳禁摩限电,广州的也给全部禁了吧，特别是摩托车，容易出事！,FAVOR
2496,深圳禁摩限电,我不反对民主是有钱人的民主这个说法，毕竟赚得到钱也是一种能力。但中国政府这种漠视社会底层民生的作法已经到了让人发指的程度！  深圳“禁摩限电”真的能一劳永逸吗？ http://t.cn/RqxtmpW （分享自@凤凰新闻客户端）,AGAINST
2497,深圳禁摩限电,【深圳全面封杀电动车】深圳全面禁电禁摩开始了！宝宝们再也开不了自己买的电动车了... 这可苦了上班一族，张先生以前还可以开电动车穿梭在马路大街小巷的，因为公交站点离家太远，现在只能骑车上下班，每天天灰蒙蒙的七点钟就要出发了，伤不起的节奏,AGAINST
2498,深圳禁摩限电,深圳禁摩限电，官府说:1.没有专门给电动车设计的道路。以前还不允许生二胎呢。2.电动车事故多。按官府数据，深圳交通事故死亡率电动车只占10%，另外90%造成交通事故死亡的原因解决了？3.投诉多。全国雾霾还人人骂呢，咋没见人管。民众支持理由主要是电动车不遵守交规。这有坏人是不是把人都抓起来？,AGAINST
2499,深圳禁摩限电,以禁代管，以罚代管。//【深圳禁摩限电对准餐饮业:只可自行车送外卖】 http://t.cn/RqGPSED,AGAINST
2500,深圳禁摩限电,#深圳禁摩限电#摩托车电动车在路上跑确实很不安全，机动车直行他们我的直行，机动车待转他们也待转，这样算是好的，有的根本不等红绿灯还拿他没办法，如果有什么事还是机动车和非机动车发生的事故，机动车全责，而大部分事故是非机动车引起的。,FAVOR
2501,深圳禁摩限电,#时局#【快递专用电动三轮车或实行国家强制标准】深圳“禁摩限电”波及快递业后，国家标准的《快递专用电动三轮车技术要求》目前正对外征求意见，意见稿不但对快递专用电动三轮车的车高、车长等做了规范，而且对车速、启动和载重做了限制。http://t.cn/RqMk0vU,NONE
2502,深圳禁摩限电,@深圳交警 龙华何时禁摩？乱按喇叭烦死人！！随意闯红灯，地铁口堵住！尤其是龙胜，龙华地铁口！希望管管！噪音污染不可忽视！电摩跟着行人后边一直鸣笛，刺耳的很！想打人！严重影响深圳形象！！ http://weibo.com/u/1792702427,FAVOR
2503,深圳禁摩限电,#深圳禁摩限电#一场穷人和富人的开撕拉开帷幕了！星星之火可以燎原！当矛盾激化到不可收拾！当最底层的人民怒火无法压抑的时候，那就推到重来！同归于尽！！！,AGAINST
2504,深圳禁摩限电,人不能因为老是摔倒就不走路，出事故，增加人员，加强疏导就行。为什么要严禁的这么重！说好听了是一劳永逸，其实这不就是因为那样更加费时费力吗！中国式怠惰。 ,AGAINST
2505,深圳禁摩限电,猪养肥再宰，事搞大再抓。比如禁摩限电，卖一千辆一万辆不管，卖到十万辆，一句话通通没收。有些维权，找基层不给解决，找上级不予理睬，直到群体事件。骗局始于XX，XX源于制度。保增长是为就业率，全民创业也为就业率，只要能赚钱放任搞活，底线是不发生系统风险。管它黑猫白猫。 |P2P你知道...,AGAINST
2506,深圳禁摩限电,【媒体：深圳禁摩限电要多些情与法平衡】深圳这次整治超标电动车，按理说，“超标”意味着违规，治理本该广受认同，但从其舆情反响看，这急遽冲击民众真实生活和快递业，以至于执法中引发某些冲突，这跟数字昭示的显著治理效果形成了不小“温差”。http://t.cn/RqywSwa,NONE
2507,深圳禁摩限电,谢谢一切支持深圳禁摩限电的理性朋友@深圳交警 @深圳公安,FAVOR
2508,深圳禁摩限电,#深圳禁摩限电# 上午，横岗蜀黍在龙岗大道查获一辆三轮摩托车，驾驶员无证驾驶被拘留 。摩托车和电动自行车交通违法注意啦！四类情况一律拘留@深圳交警,FAVOR
2509,深圳禁摩限电,#深圳禁摩限电#今日早高峰，南头中队蜀黍在辖区开展禁摩限电整治。对摩托车，电动自行车各种交通违法严查。,FAVOR
2510,深圳禁摩限电,#深圳禁摩限电#我都怕以后连自行车都禁了...... 我真的想问下，摩托车电动车有那么难管理吗？,AGAINST
2511,深圳禁摩限电,全国抗议禁行电动车！老百姓买不起汽车，买个代步车，何罪之有？你们当官的有汽车，老板有私家车，警察有摩托，让老百姓拿步量吗？什么年代？要倒退嘛？王八但！ ,AGAINST
2512,深圳禁摩限电,#西安身边事#【西安现阶段该不该“禁摩限电” 专家:时机不成熟】3月21日，一场被称为史上最严厉的“禁摩限电”整治行动在深圳开展。此后，北京、广州先后出台政策限制电动车、摩托车通行。市民对电动车“恨之深”却也“爱之切”，专家认为禁摩需要缓冲期。你怎么看？,NONE
2513,深圳禁摩限电,#城市连线#【深圳回应禁摩限电，城市管理岂能“因噎废食”】近日，深圳市“禁摩限电”行动引起社会各界广泛关注。诚然，很多电动车骑行者，确实胆大妄为，红灯随意闯，道路随意选，给很多开车的司机制造了不小的麻烦，“但问题出在人身上，为什么要把板子打在摩的电动车上呢”？,NONE
2514,深圳禁摩限电,支持靠谱的专家论点，很多城市限摩仅仅是因为管理混乱，管理手段欠缺，或是干脆把摩托车视为拉低城市层次的交通工具。乱主要体现在无牌，无驾照，污染...//【专家:“禁摩限电”是公共管理低能的无奈】 http://t.cn/Rq5tjxI,AGAINST
2515,深圳禁摩限电,我终于明白了深圳为什么要禁摩限电?因为土地是国家的! ,AGAINST
2516,深圳禁摩限电,深圳禁摩限电不合法，除非政府出资全部回购，否则就是严重侵犯公民财产权利。 |南宁·心圩...,AGAINST
2517,深圳禁摩限电,深圳电动车都限。摩托车更别想//新浪网友:过段时间限电摩//【深圳回应出台汽车限购令】 http://t.cn/RZ2o5rx,FAVOR
2518,深圳禁摩限电,#深圳禁摩限电# 在地铁站，@深圳宝安交警 坚决查处非法拉客的电动车！,FAVOR
2519,深圳禁摩限电,支持深圳交警。电单车继续治理。,FAVOR
2520,深圳禁摩限电,这他妈电动车上路咋又犯法了，这是不样老百姓活了，要是能买起气车，飞机谁还奇电动车，这政策真好玩!坑爹呀【深圳禁摩限电运动造就另类“坟场”】 http://t.cn/RqL5qm1（分享自 @一点资讯）,AGAINST
2521,深圳禁摩限电,早该管了，刚来的时候被这么大城市满大街改装的电动摩的乱窜的景观吓呆了。都堵在地铁口，破遮雨棚分分钟能把人戳瞎。不知道这阵风过去了是不是又和从前一样，光拘留管什么用，想想办法给大叔们弄点别的挣钱机会啊。,FAVOR
2522,深圳禁摩限电,当立法者和执法者都买不起汽车时，还会禁止老百姓不允许骑电瓶车吗？//【深圳禁摩限电对准餐饮业:只可自行车送外卖】 http://t.cn/RqGPSED,AGAINST
2523,深圳禁摩限电,深圳加油，要把禁摩限电这步棋走好走稳，第一个吃螃蟹总会有些纠结和困难，但为了人民福祉，大家都很支持，期待全国范围内推广深圳模式！,FAVOR
2524,深圳禁摩限电,@深圳交警 ，看看光明新区公明办事处天虹商圈的摩托车与超标电动车吧，难道禁摩限电的春风就吹不进公明吗？？？,FAVOR
2525,深圳禁摩限电,我在爱奇艺看视频，《深圳禁摩限电 要多些情与法平衡》非常精彩，爱奇艺全网独播哦 #4k超高清， 只在爱奇艺# |深圳禁摩限...,NONE
2526,深圳禁摩限电,【深圳“禁摩限电”: 一禁天下宁，一限烦恼少？】城市交通压力，问题症结主要有：专门的车道不足，摩托车、电动车没有统一标准，政府很难管控。交通管理部门一看车道不多、标准落后，抓手没有，就一禁了事，不能禁也要限，尽量做到“眼不见心不烦”。这是一种典型的懒政思维。http://t.cn/Rq5zSZ2,AGAINST
2527,深圳禁摩限电,禁的不是电瓶车是电摩，即最高车速超过20km/h、整车质量超过40kg、电动机额定连续输出功率超过240w或者蓄电池标称电压大于48v的电驱动两轮车辆都属于超标范畴。电摩是危险，最好正规点考驾照和上...—「深圳查扣电动三轮拘留1人奖500 上千快递员辞职」 http://t.cn/RqAod0i,NONE
2528,深圳禁摩限电,#深圳禁摩限电#小老百姓买不起汽车，买汽车你又限号，你们准卖不准用，是个什么道理，政府执行这些政策都没有问过市民意见，一刀切不顾百姓死活，专制的政府就是牛逼，惹不起,AGAINST
2529,深圳禁摩限电,#深圳禁摩限电#这个号称内地最自由及法治的城市发生这种事情，确实令不少人失望。昨天下午出去走走，就在路口一辆电动车上面载着三个中学生闯红灯过去了，所以禁摩限电这事难以让人不理解的是该禁的没禁该限的没限，也许存在有些人交了保护费，所以你们不抓他，应该出台更好的政策更健全的管理方式才对,AGAINST
2530,深圳禁摩限电,#深圳“禁摩限电”# 4月11日晚，@深圳宝安交警 新安中队在灵芝地铁站出口开展禁摩限电行动，严查非法营运电动电动车。10人因涉嫌聚众扰乱社会秩序被依法拘留。,NONE
2531,深圳禁摩限电,【深圳禁摩限电首曰拘留两百多人】"为什么要骑电动车呢？因为你穷而且弱小，为什么要抓骑电动车的市民呢？因为你又穷又弱小。不用听证、不用论证……“L秒拍视频 很难想像，以如此人力物力暴力，仅是对付我们身边坐电单车上班的兄弟姐妹，被拘者多为买不起小车的社会底层，深圳你想干什么？,AGAINST
2532,深圳禁摩限电,#深圳禁摩限电# 这个难道不是应该去假打违规电动车三轮车的处罚力度什么的吗…为什么要因为这些违规的去让所有电动车都背锅一刀切？,AGAINST
2533,深圳禁摩限电,#深圳“禁摩限电”# 目前，@坪山交警 正在行动，组织警力在各个复杂路段严查摩托车和电动自行车交通违法。,FAVOR
2534,深圳禁摩限电,#老谈说事# 【人民日报评论 深圳禁摩限电】近日，深圳“禁摩限电”整治行动引发热议。有人对此义愤填膺，有人却拍手称快。争论归根结底，是如何兼顾城市交通安全与市民需求、快递员生计的问题。治理摩托车和电动车是“民生”，一禁了之同样损害 “民生”。治理并非简单的“是非题”，考虑“怎么管”更,NONE
2535,深圳禁摩限电,我同意网友们的提议，要禁摩禁电，先让公务员们放下公车，体验一下普通人上下班，再来制订政策。,AGAINST
2536,深圳禁摩限电,用纳税人的钱激励不便于纳税人的事，这逻辑有点乱，我要好好捋一捋,AGAINST
2537,深圳禁摩限电,@深圳交警 是要查电摩了吗 赶紧来龙华新区人民路好好整治一下 交通状况简直了,FAVOR
2538,深圳禁摩限电,从深圳禁电禁摩看，公权是多么猖狂，真不把下层百姓放在眼里。,AGAINST
2539,深圳禁摩限电,#发展公共交通#  =--还记得深圳“禁摩限电”没过多久--- 济南轨交最新规划出炉：M2线将北跨黄河 M3线部分改走高架 http://t.cn/RqJqrkM,NONE
2540,深圳禁摩限电,支持交警叔叔，电动车真的要打击，现在每天上下班，地铁站门口跟路上都是被电动车给霸占了，人行道电动车乱开，真的很危险,FAVOR
2541,深圳禁摩限电,请问我开小电摩从深圳到广州的话，要带多少个充电宝,NONE
2542,深圳禁摩限电,“禁摩限电”行动为什么会引起广泛争议？因为它伤害了社会弱势群体的利益，伤害了那些靠辛勤劳作养家糊口的人！,AGAINST
2543,深圳禁摩限电,深圳采用雷霆手段禁摩禁电，行业和两轮消费者反应剧烈，担心全国效仿成灾。为此我已经在微博上泡了几天看大家的评论和关注。两轮车要不要在中国长期存在下去？好处自然很多，唯一的担心是交通安全。为此把10年来电动车替代自行车摩托车所发生的真实伤亡数据列表，电动车从2004年的“很少”到2013年的“很多”（约1·8亿），两轮车群体总的交通伤亡是大幅下降的。大家看看吧,AGAINST
2544,深圳禁摩限电,#深圳“禁摩限电”# 今天下午，@深圳宝安交警 组织警力，对在地铁出入口聚众拉客的电动自行车和摩托车进行严查！,NONE
2545,深圳禁摩限电,就你这智商，请问你现在是干嘛的//@用户5881606373:深圳的领导不会是猪头，250吧//【深圳禁摩限电对准餐饮业:只可自行车送外卖】 http://t.cn/RqGPSED,FAVOR
2546,深圳禁摩限电,禁摩限电这个事做的真是够了。政府没能有效控制违规行为就限制人们的使用，既然不能骑，当初干嘛还要卖？干脆政府出资回收统一销毁咯,AGAINST
2547,深圳禁摩限电,【禁摩限电：国家权力“内卷化”之弊 - FT中文网】从3月21日开始，深圳交警实施“禁摩限电”专项集中整治活动，在街头巷尾对摩的、电动车围追堵截。根据其发布的消息，截止3月3...（分享自 @FT中文网） http://t.cn/Rq4oQ6N,AGAINST
2548,深圳禁摩限电,#部分路段禁电动二轮车# 禁摩限电，呵呵，这是要断了底层人民的腿啊！送快递，送外卖，没钱买车的买摩托车送孩子上下学都不行了…呵呵，政府真牛！政府官员不为人民服务要他们做什么？我只想说：gov，呵呵 |洛阳·大学...,AGAINST
2549,深圳禁摩限电,#深圳禁摩限电#我跟你讨论为什么剥夺普通人使用电单车的权利，你却跟我谈有的企业能对这件事做得很好。就像 无论你怎么学习都很渣，偏偏有个人告诉你别人都能上清华，你为什么不行，你他妈的为什么不行。 |上海,AGAINST
2550,深圳禁摩限电,ect雷电电摩治疗仪全球招商！深圳康馨科技公司,
2551,深圳禁摩限电,讲真，现在所谓的新媒体素质真他妈低(此处必用脏话)。报道简直和扯淡的一样。从@环球时报 @人民日报 @Vista看天下 都一个样。来看看，春晚够烂的，人民日报连续两周天天点赞。说要拆围墙的时候，呵呵人民日报的劲去哪了？到了深圳禁摩限电一个个逮着机会了带领着中国网民们煽风点火。,FAVOR
2552,深圳禁摩限电,在网易博客日志《深圳禁摩限电，比亚迪有罪推定》中发布了评论“念佛成佛离苦忧， 阿弥陀佛能保佑。 口念默念皆得救， 寿终往...” http://t.cn/Rqxqsxc,NONE
2553,深圳禁摩限电,【禁摩限电没有说出的半句话：把穷人从城市里清理出去 - 产业人网】封杀电动车，原因不是电动车已经成为城市交通的毒瘤，而是城市规划和交通治理的失败需要一个替罪羔羊，电动车就是这只被拎出的羊。这只羊之所以会任人宰割，究其根本，是因为羊的主人和羊一样的孱弱。 http://t.cn/Rqqy5dl,AGAINST
2554,深圳禁摩限电,腾讯微博，你天天删也不嫌累，分享别家的微博你也删，就你的微博姓党？别家的微博姓民？就你特别，你不如把微博关掉，你们的做法就像深圳的禁摩限电，留下了光辉的历史。,AGAINST
2555,深圳禁摩限电,谢谢一切支持深圳禁摩限电的理性朋友,FAVOR
2556,深圳禁摩限电,我是支持深圳禁摩限电的，载客的摩的横冲直闯，亲眼见过几次事故，最开始我看抓的都是载客的，可能后来政府有奖励，交警开始抓快递了，不知道其中快递比例有多少，刚刚出门看到快递仍然在电动车送件，政府不应该一刀切，载客的这部分才应该是重点整治的对象,FAVOR
2557,深圳禁摩限电,#深圳禁摩限电#多么希冀@恩平论坛 也出这样的利民政策啊。 |恩平·恩城...,FAVOR
2558,深圳禁摩限电,你骑电动摩托车可以，但是请你遵守交通规则，不该你走的时候，请你不要闯红灯，妨碍正常行驶以及过马路的人。 #锵锵三人行# 完整版：深圳“禁摩限电”一两句话说不清 |完整版：深...,FAVOR
2559,深圳禁摩限电,#深圳“禁摩限电”#今天上午，@深圳龙岗交警 组织警力，对驾驶摩托车和电动自行车在地铁站附近兜客的进行严查！也欢迎网友向交警部门举报！,FAVOR
2560,深圳禁摩限电,#深圳禁摩限电#质问交警，谁让你们这样做的，谁给你们的权力，在你们这样做之前，你问人民群众了吗？人民群众同意了吗？ |深圳·美丽3...,AGAINST
2561,深圳禁摩限电,看到知乎有人讨论深圳禁摩限电，想起大学的时候在课堂上讨论过这个问题。当时老师让人站队，然后问反方的朋友，为什么要反对禁摩？我当时是懵逼的。把我东西抢走了还问为啥要不能抢呢，在你国生存还得琢磨这些问题真的很累啊。,AGAINST
2562,深圳禁摩限电,限电是为了安全，南京这样的场景比比皆是，更有甚者在脚踏板上放个板凳让小孩子坐，看着都揪心。不能为了方便而忽视安全，不能因为条件差而放松对安全的要求。希望南京也能对电动车严格地管理起来。,FAVOR
2563,深圳禁摩限电,这些图应该很有纪念意义。2016年，深圳禁摩限电运动，在深圳南头立交桥下的“电单车坟场”。百姓的财产真心不是钱啊！ http://t.cn/RqJ9jXh,AGAINST
2564,深圳禁摩限电,#深圳禁摩限电#深圳的政策没有多大的问题，限电是规范化管理，减少数量，并非全部淘汰，引来的批评声，只是在关注某批特定人群，没有从深圳全局来考虑，真要讨论，深圳也不是牺牲品，而是全国，禁摩是否对的？在公交地铁发达的城市，禁摩应该是要实施的,FAVOR
2565,深圳禁摩限电,主题执法日迟迟不来，笋岗片区多了好几部崭新的三轮。,FAVOR
2566,深圳禁摩限电,近段沙井禁摩抓车厉害，以至上班途中电摩越来越少，师傅们也提心吊胆。对于我这上班以此为主要交通工具的童鞋，实是一大困扰。蜀黍，高抬贵手啊。。@深圳交警,
2567,深圳禁摩限电,深圳交警处理“交通乱象”有理有节，社会需要规矩，支持。 ,FAVOR
2568,深圳禁摩限电,从长远看，深圳禁摩限电也许没有错。但短时间内一棍子打死，未免太绝情了！,AGAINST
2569,深圳禁摩限电,因为有不守交规的摩的司机出过事故，所以一刀切全都不准骑摩托，就是这么简单粗暴，不给人民商量余地，你只有接受『媒体:深圳禁摩限电有法律依据吗_手机新浪网』http://t.cn/RqLdlag,AGAINST
2570,深圳禁摩限电,管理城市和国家的人，在没有解决市民需要的前提下，没有规划的打压。就是粗暴野蛮。#凤凰视频客户端视频推荐#04.07 深圳“禁摩限电”引发社会舆论关注|2016-04-07... (分享自@凤凰视频客户端),AGAINST
2571,深圳禁摩限电,然并卵青岛禁摩多少年了，路上依然挺多,NONE
2572,深圳禁摩限电,深圳“禁摩限电”和“外地车限行范围”是不是在为实体经济做准备？：想到这三个八竿子打不着的话题，但是脑子以抽搐就感觉好像冥冥之中有点关系在呼唤着我。 深圳的禁摩限电是雷声大雨点也大,NONE
2573,深圳禁摩限电,愚见为深圳禁摩限电说句话作者丨于建嵘独家稿件，转载请注明来源深圳自开展最严厉的禁摩限电以来，短短10天，就查扣了17975辆电动车，拘留874人... http://t.cn/Rq4RLK9,NONE
2574,深圳禁摩限电,分享自朱达志《是时候给电动车制定国家标准了》 -  是时候给电动车制定国家标准了 朱达志 发生在深圳的“史上最严厉‘禁摩限电’整治行动”，在全国范围内引起轩然大波；严重依赖... (来自 @头条博客)  |是时候给电...,NONE
2575,深圳禁摩限电,“禁摩限电”其实都是治标不治本！我来给君上支个终极大招：限制年收入12万元以下公民出行！（北上广等大城市可酌情提高标准）------理由如下：,AGAINST
2576,深圳禁摩限电,穷人出行的权力都没有了。深圳禁摩有感。,AGAINST
2577,深圳禁摩限电,请问深圳，如果每一部电摩有一张选票，你们敢禁摩么？请问某组织，如果每一个网民有一张选票，你们敢禁网么？,AGAINST
2578,深圳禁摩限电,#深圳禁摩限电# 怎么说呢，交警做得对，但有没有非常完善的措施代替电动车摩托车,FAVOR
2579,深圳禁摩限电,深圳禁摩限电，要多些对情与法的平衡，比如给快递业些喘息空间，在平衡现实中拿捏善治力道。 深圳“禁摩限电”专项集中整治行动激起的舆论波澜，仍在扩散。无论是媒体报道的“10天查扣1.7万辆拘留874人”“... |深圳禁摩限...,NONE
2580,深圳禁摩限电,#深圳禁摩限电#我就想知道让底层的老白姓怎么过？难道深圳市民都能买的起 汽车和车位？ |郑州·凯旋...,AGAINST
2581,深圳禁摩限电,【深圳禁摩限电; 餐饮外卖配送只能使用自行车】一些地方也开始禁了，如北京广州，厦门岛内也将禁止。 http://t.cn/RqbDr9t,NONE
2582,深圳禁摩限电,#深圳法治通城#4月18日，@深圳龙岗交警 布吉中队联合大队铁骑队，在长龙路、吉政路、百鸽路、西环路、粤宝路、八约一街、荣华路、布吉老街等重点路段进行严查，查处违停189宗，路口红绿灯情况巡查32次，停车场监管系统预警信息排查2条，针对傍晚东站拉客现象多，组织禁摩限电专项整治行动，查扣摩托铁,FAVOR
2583,深圳禁摩限电,#深圳禁摩限电#什么时候长春也能实行啊，本来就狭窄的车道到处都是逆行的电动车，他们就仗着“反正你也不敢撞我”这种强盗一样的思想到处横冲直撞，机动车才是被欺负的一方，被挤得走走停停，整治的好，你穷不是理由。,FAVOR
2584,深圳禁摩限电,深圳一旦挂以安全之名，可以秒杀所有电摩与三轮，事实上电摩与三轮的安全事故又有多少呢？与汽车比，与其它交通工具比，把人口基数算进去，真的很多吗？？所谓专家、执法者，让你换个饭碗，改用以上工具谋生，你当作何想呢？？本人10年前就从骑自行车，电动自行车开始，所以感同此心。,AGAINST
2585,深圳禁摩限电,警车无牌照，临时牌照上路很多，凡是路过看见的群众都骂警察无耻，看见很多次。永远挂着临时牌照的警车，深圳警察形象很差很差啊，悲哀啊，本应一身正气，却乌烟瘴气。局长跳楼的太多啦，是不是和腐败有关。,AGAINST
2586,深圳禁摩限电,深圳禁摩限电力度不小，有人在问如何兼顾出行方便？初听，还真是个问题。细想，觉得是个假问题。禁摩限电是针对违法违规行为，如禁止无证驾驶摩托车等。出行方便是建立在违法之上，那要法律干嘛呀。,FAVOR
2587,深圳禁摩限电,这都是政府管理缺失、标准制定滞后造成的，但损失却落到了广大低收入群众手中。深圳出了这样的政令，这又是政府管理的失误。//【深圳禁摩限电何以变成“疯狂抓车抓人”】 http://t.cn/Rqyb9cl,AGAINST
2588,深圳禁摩限电,多地开始“禁摩限电”，太原还远吗？城市电动车治理一直是个难题，一方面，电动车因其灵巧便捷成为人们生活中重要交通工具，另一方面，由于电动车超标车多，安全防护性差，涉电动车交通事故在所有交通事故中占较大比重。你赞成“禁摩限电”吗？http://t.cn/RqIe1Ab,NONE
2589,深圳禁摩限电,#深圳禁摩限电# 还是有很多摩托车,FAVOR
2590,深圳禁摩限电,深圳是在下逐客令吗？禁摩、禁电！好吧！摆摊不让摆，物价又那么贵！现在又关外限行！搞得出不了门了！没法活了这！,AGAINST
2591,深圳禁摩限电,电摩被深圳警方限制，很好，我举双手赞成。深圳警方在没收电摩时，可以跟随一辆电摩自动粉碎机，所有电摩被放进去后，这头进去，那边出来的就是颗粒状物质，此物质大小均匀，油光发亮，直接洒进麦田，可让庄稼长势良好。此举，既拓宽了城市道路，又肥沃了麦田，利国利民的好事呀，深圳警方蛮拼的，点赞,NONE
2592,深圳禁摩限电,我就是觉得骑车的人地位比路人高.不服来撞我啊.凭什么我要让你啊.骑车人的命不是命啊.路不好好走.那么宽的校道偏要堵住.不长耳朵不长眼.带着耳机低头看手机.蹭你挨你一下都是轻的.开电摩的话早撞死你了.抄送@深大淘课 @深大新生 @荔园安保 @深大微波炉 @深圳大学学生会权益部,NONE
2593,深圳禁摩限电,上传了6张照片到“微相册”。深圳康馨科技公司与深圳市卫计委继续教育中心联合开展雷电电摩ECT疗法培训，并受国家中医药管理局委托在深圳试点推广！ http://t.cn/Rwducxw,
2594,深圳禁摩限电,#深圳禁摩限电#我也觉得应该禁，在公交车发达的大城市，禁摩没什么不好的。深圳公交车那么发达，而且每隔几百米就有绿色环保自行车免费骑。那些叫苦的人就想方便加偷懒吧。,FAVOR
2595,深圳禁摩限电,总体看，深圳这一做法，法律依据不足，对社会造成的负面影响很大。如果说城市交通拥堵，深圳恐怕不能跟北京、上海等城市相比。这些城市都没有是实行禁止政策。政府出台此项政策要更多地站在老百姓的角度，换位思考。普通群众没有能力去购买小汽车。如果都买，更堵 ,AGAINST
2596,深圳禁摩限电,鲁迅先生曾经说过：我向来不惮以最坏的恶意来揣测中国人（大意）。于是我也揣测那些强势“禁摩限电”、“禁摩禁电”的人民饲政府：莫非因为“加强管理”并不能给现任政府带来任何有效的政绩，更不能给交管部门带来现实的利益，所以就一禁了之？受了当年“洁尔阴”广告的启发：难言之隐，一洗了之？,AGAINST
2597,深圳禁摩限电,#深圳禁摩限电#搞不懂，又不是每个人都能买得起车，一刀切看看最后你怎么收场,AGAINST
2598,深圳禁摩限电,上海的限价式车牌拍卖、外临牌禁行、日渐严格的外地人子女入学条件，深圳的房价、限购升级、外牌限行外扩、摩的电摩限制，大家都快马加鞭向北京看齐，中国只有一种城市模式，那就是帝都。,AGAINST
2599,深圳禁摩限电,摩托车电动车在路上跑确实很不安全，机动车直行他们我的直行，机动车待转他们也待转，这样算是好的，有的根本不等红绿灯还拿他没办法，如果有什么事还是机动车和非机动车发生的事故，机动车全责，而大部分事故是非机动车引起的。,FAVOR
2600,深圳禁摩限电,支持！限摩限电是深圳很多年前就有的政策了 最近那些摩托车又冒出来 你守规矩就算了 但是管你红灯绿灯逆行不逆行的往前冲 实在太不安全了 走路也怕他们坐车上也怕他们 对实在有需要的行业设定相关的法规就好了……,FAVOR
2601,深圳禁摩限电,禁摩限电，它们拦抓别人的爱车，卖了再买，开着6万元的车，它们的口号是抓车卖钱，用钱买车。只许自己点灯，不许别人点火。,AGAINST
2602,深圳禁摩限电,#交通安全古诗# 一人一句：但使龙城飞将在，开车请系安全带,NONE
2603,深圳禁摩限电,【电动车被禁 深圳交警:自行车步行也可以 ！国家不生产摩托车和电摩不就行啦！对它们太失望了！！！！,AGAINST
2604,深圳禁摩限电,深圳的政策没有多大的问题，限电是规范化管理，减少数量，并非全部淘汰，引来的批评声，只是在关注某批特定人群，没有从深圳全局来考虑，真要讨论，深圳也不是牺牲品，而是全国，禁摩是否对的？在公交地铁发达的城市，禁摩应该是要实施的 ,FAVOR
2605,深圳禁摩限电,电动车_电动自行车_电动摩托车_电摩_酷车_新功电动车厂家_- 深圳新功之星科技有限公司 http://t.cn/RwDixH9,AGAINST
2606,深圳禁摩限电,【一周图片精选【第328期】2016.4.2-4.8】这一周，希腊当局遣返大批难民，巴基斯坦白沙瓦发生洪灾，印度遭遇高温天气，日本全面进入樱花季，中国民众迎来清明小长假，深圳实施史上最严“禁摩限电”令，北京和颐酒店发生女生遭劫持事件。【不相信有两万六千名学员】 http://t.cn/Rqt1NWI,NONE
2607,深圳禁摩限电,邵阳日报电子版_2016-04-02_要闻_满怀豪情开启全面小康建设新征程 邵阳这几年确实发展得不错，特别是禁摩限电和创卫工作启动以来，城市变化显著，市民有切身感受，幸福指数提高。相信邵阳在新书记新市长领导下，一定能取得更大成绩，实现更大发展，更好造福邵阳人民！ http://t.cn/RqpxLfL,FAVOR
2608,深圳禁摩限电,#深圳禁摩限电# 持续进行中,NONE
2609,深圳禁摩限电,禁摩限电 不是很好嘛，干吗反对。 ,FAVOR
2610,深圳禁摩限电,禁可以，但不要每次都特么不去做解决问题的方法，什么都是一刀切，这就是懒政。 ,AGAINST
2611,深圳禁摩限电,#治理拥堵#禁摩限电是增加拥堵的措施，说治理拥堵，又禁摩限电，如同一个人又要快跑，又要把两条腿缠绕起来一样愚蠢可笑。因为治理拥堵需要减少汽车上路总量，而禁摩限电是逼着人们放下节能环保，快捷方便的电动车，而开汽车上路。正确的方法是：给电动车正名上牌，登记信誉记录，抓拍违章及时处理。,AGAINST
2612,深圳禁摩限电,电动车泛滥的上梅林地铁站有人管么？ ,FAVOR
2613,深圳禁摩限电,深圳曾经是改革开放的窗口，今天在新经济形势下又来到一个新窗口，我们希望深圳能够再次贡献改革的智慧，为电动自行车的未来探出一条明路。『媒体:深圳禁摩限电有法律依据吗_手机新浪网』http://t.cn/RqLdlag,NONE
2614,深圳禁摩限电,这丫太会玩儿了“我知道为何全国各大城市为何要禁摩限电了”Shares work of Flash Show user @全球微博搞笑排行榜精选. Let's watch it~|秒拍视频 (Recorded with #Flash Show#),FAVOR
2615,深圳禁摩限电,"#深圳禁摩限电# 不知道规范只知道限制,这就是治理水平,因官员大量腐败,所以要公开官员财产,口号喊了多少年也没动静,还是对付百姓的政策出台的快啊",AGAINST
2616,深圳禁摩限电,【媒体三问深圳禁摩限电：有法律依据吗？】 还是那句在中国任何地方禁电动车都是罪人。丝毫不能解决问题，只能是制造矛盾，激起民愤。 http://t.cn/RqLnDyQ,AGAINST
2617,深圳禁摩限电,禁摩不是办法，但是可以加强管理，设计生产上限制两轮车最高时速不超15公里，管理上严惩违反交通规则的行为：比如超速，不按车道行驶，闯红灯，超载，，等,AGAINST
2618,深圳禁摩限电,只能说明深圳的猪头官真多，应该把这些猪头官放到南海去管管美国的航母和驱逐舰。//【深圳禁摩限电对准餐饮业:只可自行车送外卖】 ,AGAINST
2619,深圳禁摩限电,本帖最后由 摸摸 于 2016-4-7 18:28 编辑 面对深圳禁摩限电，央视有话说。央视记者通过暗访发现有人在各大网站公然兜售 http://t.cn/RqtL0wL http://t.cn/Rq5ytWP深圳交警 你们对这事怎么看,NONE
2620,深圳禁摩限电,禁摩限电是蔑视弱势群体权益的懒政行为！禁摩限电是深圳之耻！ ,AGAINST
2621,深圳禁摩限电,这是什么情况？说好的禁摩限电呢？双龙地铁站一大堆电单车在拉客，这两个交警干嘛的？@hugo的一些事一些情 @阿智的一些事一些情 @广东台今日关注 @黄耀敏 @深圳新闻网 @深圳交警 @主持人悟空,FAVOR
2622,深圳禁摩限电,转发！所谓的人民政府就可以不听取百姓意见？想干什么就干什么？暴力执法一刀切等同土匪抢劫。“拉客和摆摊人员的增多是城市失业人口增加的标志。建议治理宜疏不宜堵。说实话，给1000亿美金给非洲那群铁公鸡，能救活无数中国企业了。『媒体:深圳禁摩限电有法律依据吗_手机新浪网』http://t.cn/RqLdlag,AGAINST
2623,深圳禁摩限电,【深圳禁摩限电对准餐饮业:只可自行车送外卖】深圳“禁摩限电”目前已经进入第三周。昨日，执法行动查扣了非法营运三轮车、摩托车、电动自行车共计1001辆，拘留无证78人。外卖行业的超标电动车，也被列入执法对象范围内。民警表示，外卖行业多为短途运送，需使用自行车遵规行驶。http://t.cn/RqbF3gA,FAVOR
2624,深圳禁摩限电,#深圳禁摩限电#why not,FAVOR
2625,深圳禁摩限电,深圳限电摩了吗？ 好像没有吧 ！  科技园南区，早上10点不到一点，就10来分钟路面看到的。  改装车，走快车道，逆行，闯红灯，，不一而足。 @深圳交警,FAVOR
2626,深圳禁摩限电,深圳“禁摩限电”力度极大，很坚决！青岛啥时候也能好好管管黑“摩的”！每年，“残疾人车”这种黑“摩的”，坑了多少来青岛的游客！太损害青岛形象。真的应该好好管一下！,FAVOR
2627,深圳禁摩限电,你们没有生活在这个城市是体会不到 电动车毫无规矩 开电摩载客的素质极差 开得很快还到处乱窜 有时候过马路走在路上都怕被他们撞了//新浪网友:乱是因为交警没规范管理，而不是禁，中国，到今天还有一大群猪脑袋。//【深圳禁行摩托车限制电动车 首日拘留三百余人】 http://t.cn/RGsbwI2,FAVOR
2628,深圳禁摩限电,呵呵，典型的你弱你有理，城市本来就是要禁摩，逆道行驶，违规载客，什么玩意 ,FAVOR
2629,深圳禁摩限电,@深圳坪山交警 @深圳交警 #深圳禁摩限电#深圳禁摩限电还在进行吗？@深圳坪山交警 看到了吗？ |深圳·坪山...,FAVOR
2630,深圳禁摩限电,#深圳禁摩限电#印象中这是第二次，上次是哪个城市想不起来了,NONE
2631,深圳禁摩限电,禁摩限电抓三轮后！类似这些物品的用什么交通工具来运输？不要告诉我用货车！因货车基本上没几年就是黄标+禁行、限行！@深圳交警,AGAINST
2632,深圳禁摩限电,他们开的是电摩好嘛。充电的。不是加油的。没声音的//【深圳宝马男疑酒驾撞死人逃逸 称:他没救了多少钱我赔】 http://t.cn/RLpNUHy,
2633,深圳禁摩限电,深圳市和广州市的禁摩限电简直是卑鄙无耻！什么治堵，管治安。他们眼瞎，如果这些开电动车的，有1/3全换成破面包，难道路就不塞了吗？ 现在面包车抢劫偷窃的事件多得很，是不是要限制面包车啊？ 以禁代管，卑鄙无耻，无视底层百姓，无视民生！ ,AGAINST
2634,深圳禁摩限电,对深圳禁摩限电一事，骂声一片。政策出台的太草率了，给老百姓带来了诸多的不便。,AGAINST
2635,深圳禁摩限电,#深圳禁摩限电##井柏然影版肖奈#  健康出行，明明脚踏车也可以很帅啊,FAVOR
2636,深圳禁摩限电,深圳禁摩限电对准餐饮业:只可自行车送外卖 相信这些规则制定者没吃过外卖，骑自行车送外卖不要说送到还能不能是热的，就只是来回晃好好的饭都会变成折箩。人类的进步就因为当权者不想管理，硬逼着人类要退回原始社会，靠人力运输而不是机器。朱门酒肉臭，路有冻死骨。 http://t.cn/RqbF3gA,AGAINST
2637,深圳禁摩限电,深圳“禁摩限电”运动中，有政府机构对查处非法营运车辆加以奖励。深圳龙华新区下令奖励查处非法营运车辆，深圳交警局表示确有此事，但奖金并非由交警部门发放，资金来源尚不清楚,NONE
2638,深圳禁摩限电,这才是真正的女汉子！看得好解气！干得漂亮！ |秒拍视频,
2639,深圳禁摩限电,【快递专用电动三轮车或实行国家强制标准】深圳“禁摩限电”波及快递业后，国家标准的《快递专用电动三轮车技术要求》目前正对外征求意见，意见稿不但对快递专用电动三轮车的车高、车长等做了规范，而且对车速、启动和载重做了限制。http://t.cn/RqMk0vU,NONE
2640,深圳禁摩限电,昨天，有网友发了一组展示深圳禁摩禁电场景的照片，我转发了，但深圳交警认为这些照片不是发生在深圳的。若是，最好。,NONE
2641,深圳禁摩限电,北京、深圳禁电禁摩：逼着买汽车呗，多简单的事儿。楼房卖不出，是因为有钱的都买了。没钱的还是买不起。那高呀，交通工具我都不给你用了，乖乖买汽车增加鸡弟屁吧 ,AGAINST
2642,深圳禁摩限电,#深圳禁摩限电# 一个城市如果充许摩托车与电动车泛滥式发展，城市道路至少要四分：1、机动车道；2、摩托车与电动车道；3、自行车道；4、行人道（包括盲道）。深圳选择禁摩限电，道路三分即可，是符合深圳这个城市的实际情况及发展需要的，一是城市交通效率得到提高，二是出行安全得到保障。未禁摩限电,AGAINST
2643,深圳禁摩限电,【“禁电禁摩”可否等一等民生脚步】深圳“禁摩禁电”引发的热议尚未平息，北京“禁电禁摩”的动作又出，很显然，两地实施禁电禁摩的理由均无二致，皆是因绝大部分电动车超出“国标”和造成的交通伤亡事故频发所致，实施的目的显然是为维护道路交通秩序和保障市民群众的出行安全。,FAVOR
2644,深圳禁摩限电,禁摩限电 ！ 生活来之不易，哪个生活富裕点的会开着电车搭着一家大小跑 ？,AGAINST
2645,深圳禁摩限电,严查“渉摩涉电”各类违法行为，重点查处摩托车无证驾驶、冲禁令、无号牌、非法营运和利用摩托车实施飞车抢夺等违法犯罪行为，对电动自行车非法营运、进入限行路段、违反规定载人载物及作为作案工具等违法犯罪行为也将一并查处。 ,FAVOR
2646,深圳禁摩限电,深圳禁摩限电再一次颠覆我的价值观，我无法面对以后的工作！,AGAINST
2647,深圳禁摩限电,能不能用牛车啊？悲哀！时代在退步//【深圳禁摩限电对准餐饮业:只可自行车送外卖】 http://t.cn/RqGPSED,AGAINST
2648,深圳禁摩限电,解决问题的方法是疏不是堵。从交通状况来看，汽车所造成的的拥挤状况远大于摩的，三轮；从环保的角度来看，电车更有利于环境的维护；从人性化的角度讲，有那闲钱买车开车的还需要大雨天大雪天的赶着送快件吗？爱这座城市就请先让这座城市的人能好好地生存下去吧。,AGAINST
2649,深圳禁摩限电,#深圳禁摩限电# 对快递业、邮政什么的，可网开一面，根据企业纳税额度核发摩托车用于业务，再严格管理就是，毕竟快递业算是现代物流业里面的基础建设，公共事业的性质还是有一点的，他的存在减少了许多外出购物的车辆出行，也算是贡献吧。,FAVOR
2650,深圳禁摩限电,近日，深圳“禁摩限电”整治行动引发热议。有人对此义愤填膺，有人却拍手称快。争论归根结底，是如何兼顾城市交通安全与市民需求、快递员生计的问题。治理摩托车和电动车是“民生”，一禁了之同样损害 “民生”。治理并非简单的“是非题”，考虑“怎么管”更合理，才能保障百姓利益。,NONE
2651,深圳禁摩限电,#深圳禁摩限电##外地车牌限行#说到底触犯的都是最底层民众的利益，有钱有权的总有办法规避和减少政策法规对自己的损害。有钱无所谓，没钱没办法。 |东莞·清溪...,AGAINST
2652,深圳禁摩限电,每次看到电动车乱闯红灯，乱变道，逆行都捏把汗，早就该整治了！！107国道估计每天都要撞飞几个违规的电动车！！至于快递行业等特殊行业，也是要多给配额，不过也要多监管！,FAVOR
2653,深圳禁摩限电,#深圳“禁摩限电”#4月12日，@深圳宝安交警 西乡中队组织警力，继续在固戍地铁站出口、三围公交站开展禁摩限电整治行动，严查非法营运电动车。对利用电动自行车、电动三轮车兜客揽客实施非法营运的，一律以扰乱公共场所秩序予以行政拘留。目前，已查扣非法营运电动车11台，11人因涉嫌扰乱公共场所秩序,FAVOR
2654,深圳禁摩限电,马路上，经常可以看到电摩的肆意乱传，就像广场舞大妈不管别人感受尽情高音跳舞，但这不是深圳官方可以横蛮禁止电摩的理由，骑电摩者那么随意与那么多贪腐官员现象具有同根文化，你们为何就没有禁止官员职业？横蛮进电摩，诱发了我们中国的诡异哲学根基：我们与世界的关系、人与人的关系是混乱不堪的,AGAINST
2655,深圳禁摩限电,#深圳禁摩限电# 头顶每天都有飞机飞过 他们方便了舒服了 尾气却污染了我们 你们这个能管管吗 可以禁止吗 其实环保是个不错的理由...,AGAINST
2656,深圳禁摩限电,【北京大学法学院教授沈岿：“禁摩限电”考验政府法治能力http://t.cn/RqISw7b】文章来源：《财经》杂志2016年4月8日。『在此背景下，看似不那么起眼的“禁摩限电”行动，其实是在真正考验地方政府的法治思维和法治能力。笔者将从依据的合法性、过程的合法性和实体的合法性三个维度，展开当前采取的“,NONE
2657,深圳禁摩限电,周三愿意跟我一块儿去参加凤凰卫视关于禁摩限电节目制作的小伙伴请按此格式报名，报名成功后一起约！我骑车去，由于地点不熟，我打算下午三点出发,NONE
2658,深圳禁摩限电,浙江地方台对深圳禁摩限电的执法黑得一塌糊涂，完全没有指出好的一面，一面之词的各种黑，我后来仔细想了想，阿里巴巴总部在杭州的,FAVOR
2659,深圳禁摩限电,深圳禁摩限电就和这个计划生育一样哭笑不得。如今限制，以后会不会像计划生育一样又放开呢。咄咄怪事！,AGAINST
2660,深圳禁摩限电,"深圳联合展开“禁摩限电”整治 1942辆电动车被扣 - 深窗网魅力深圳提供深圳联合展开“禁摩限电”整治 1942辆电动车被扣有关的信息,昨天深圳全是联合开展“禁摩限电”统一整治行动，截至昨日15时，行动共查扣电动自行车1942辆、两轮摩托车139辆、三轮车199辆，拘留无... http://t.cn/Rqpai3G",FAVOR
2661,深圳禁摩限电,#深圳禁摩限电#小哥说有人要抓，不给我送了，直接给我强退？？？,AGAINST
2662,深圳禁摩限电,限电是为了安全，南京这样的场景比比皆是，更有甚者在脚踏板上放个板凳让小孩子坐，看着都揪心。不能为了方便而忽视安全，不能因为条件差而放松对安全的要求。希望南京也能对电动车严格地管理起来。@南京交警 @Esports海涛 #深圳禁摩限电#,FAVOR
2663,深圳禁摩限电,『百姓无电摩出行，何不开汽车？--...』-- 来自网易新闻《深圳交警局回应:此次禁摩限电并非针对快递业》更多精彩尽在 http://t.cn/Rq4bKe5,NONE
2664,深圳禁摩限电,深圳禁摩限电，央视记者通过暗访发现有人在各大网站公然兜售被扣的电动车。这算不算铁证呢？抢劫来的电动车重复销售无本万利，天下还真有这么好的买卖.从头到尾这么捋一遍，这就完全符合流氓强盗的逻辑了.,AGAINST
2665,深圳禁摩限电,总理，您说的是深圳“禁摩限电”吗？行不行来句痛快话啊！,NONE
2666,深圳禁摩限电,<再临虎门> 南北驱弛步履匆， 虎门就职再落空。 抢劫偷盗难防范， 禁摩限电没变样。 每月上班二八天， 劳动法规没人管。 纵有高薪不敢往， 权且留影自欣赏。,AGAINST
2667,深圳禁摩限电,今天凤凰网一篇评论深圳禁摩限电的文章的观点有点道理：纳税人供养政府的目的不是让政府来限制公民的自由选择，而是让政府创造更好的条件，让公民可以更好的选择。,AGAINST
2668,深圳禁摩限电,#深圳禁摩限电#你们来石岩看一眼啊！到处都是乱停的机动车！为啥不能先管管这个！弄的现在许多双行道变成单行道！走个路都怕被车撞！@第一现场 @深圳交警,NONE
2669,深圳禁摩限电,看着深圳禁电摩，北京禁电摩上长安街等，感觉政府有点晕同时有点疯。国家你们管，用人管！你们让一线的执法机关人员累死啊？无法可依……卖你们让卖……用制度管理不成吗？电动车学驾照，上牌照，记录违章，按机动车处罚！请问政府，你丢20元心疼吗？所以你们的罚款就是硫化氢，有味儿没用,AGAINST
2670,深圳禁摩限电,【深圳禁摩限电首日拘两百多人】为什么要骑电动车呢？因为你穷而且弱小，为什么要抓骑电动车的市民呢？因为你又穷又弱小，警l察l叔l叔就喜欢欺负这种人。深l挖l坑，广l积l仇，人l民的合l法l财l产说收就收了，zf会赔钱吗？不让骑为何还让生产？,AGAINST
2671,深圳禁摩限电,小老百姓买不起汽车，买汽车你又限号，你们准卖不准用，是个什么道理，政府执行这些政策都没有问过市民意见，一刀切不顾百姓死活，专制的政府就是牛逼，惹不起 ,AGAINST
2672,深圳禁摩限电,北京已经清完地下室了，大家就没想过吗？只想在北上广讨生活，没想过自己的目标和发展，//【深圳禁摩限电对准餐饮业:只可自行车送外卖】 http://t.cn/RqGPSED,AGAINST
2673,深圳禁摩限电,近日雅迪发布了Z3电动车，该车速度40km/h下可跑60km，速度15km/h下可跑120km/h。整备质量81kg。深圳限摩限电之懒政恶政突显了早日修订适合我国国情的电动车法规之紧迫性。电摩与电动自行车之界定标准应早日修订发布。@雅迪电动车官方微博,NONE
2674,深圳禁摩限电,#新闻早餐# 【本地新闻】交管部门：南京不会禁摩限电，但将继续严格监管。,NONE
2675,深圳禁摩限电,#深圳禁摩限电#觉得现在是网购达人表现的时候了！为曾经无数次，将包裹送到你手里的那些可爱的人们，站出来帮帮他们吧,AGAINST
2676,深圳禁摩限电,轰轰烈烈的禁摩限电放弃了吗？？谁来保障我们这些开机动车的弱势群体？？@深圳交警 @深圳宝安交警,FAVOR
2677,深圳禁摩限电,【#深圳禁摩限电#出重拳 在地铁口拉客将被拘】@深圳交警 从3月起到6月，在全市范围开展禁摩限电源头治理专项集中整治行动。3月21日至4月底，集中开展6次整治行动，凡是在地铁口、公交站点、口岸、商业繁华等区域聚集非法拉客的，一律拘留；违规使用电动三轮车的，4月1日起一律拘留。,FAVOR
2678,深圳禁摩限电,【是时候给电动车制定国家标准了】 不赞成禁摩限电，特别不赞成限电。对大多数老百姓来说电动车多方便快捷啊。下力气让老百姓遵守交规才是正道 http://t.cn/RqiNiw7,AGAINST
2679,深圳禁摩限电,深圳禁摩禁电应该说是懒政，该管的管不好，该引导的不会引导，简单粗暴的猪脑子，很多年了没有给全国其他地方做个榜样了，其他地方再总结猪的教训。谁和人民作对，谁没有明天。水可载舟，亦可覆舟。 ,AGAINST
2680,深圳禁摩限电,"自行车协会理事长马中超:电动自行车的路权不应被忽视 | 中国自行车协会理事长马中超 　　中国经济网北京4月11日讯 (记者 杨开新) 近段时间,深圳等地采取“禁摩限电”等措施,对当地电动车使用者产生直接影响,也引发社会广泛 http://t.cn/RqMx1f4",AGAINST
2681,深圳禁摩限电,#深圳“禁摩限电”#这是@深圳光明交警 查获的一辆三轮车，知不知道这是用来做什么的？,NONE
2682,深圳禁摩限电,机车什么鬼？！深圳禁摩限电了！ |深圳·K歌王...,NONE
2683,深圳禁摩限电,#深圳禁摩限电#今天的坪洲地铁口及固戍地铁口@深圳交警,FAVOR
2684,深圳禁摩限电,说说@锵锵三人行 我心中的应该请的嘉宾吧！怎么不请@清华孙立平 和@张鸣 还有黄灯，一虎一席谈都请了。什么时候也允许观众入场。@许子东下期聊聊深圳 广州 北京禁电摩的事吧！还有买个买个逃税的事，印度总理都发话了，我们怎么不说话呢？,NONE
2685,深圳禁摩限电,开电车不是中国人，拉客也要付出才有钱收，如果拉客中出现个别被抢被欺骗的事发生那时你们民警的事，试问没有这种车你就天下太平？？罚了中国人民的钱...//【深圳禁摩限电对准餐饮业:只可自行车送外卖】 http://t.cn/RqGPSED,AGAINST
2686,深圳禁摩限电,看深圳禁摩限电行为政府一味指责电动车隐患多事故频发，一纸禁令。为什么电动车发展如此迅速？一是公共交通落后，政府又禁摩，被逼无奈中低收入者。二是乱象不怪电动车和车主本身，而是地方政府惰政，处理不好国标与市场关系。三是消灭交通工具得管理方式竟然是违法的，道交法。 |北京·潘家...,AGAINST
2687,深圳禁摩限电,"#深圳禁摩限电# 看你们讨论的风生水起, 谁能告诉我相关条例是怎么规定的? 搜了半天都没搜到... 好累... @深圳交警",AGAINST
2688,深圳禁摩限电,@深圳交警 ：我们查扣的车辆主要是严重超标的电动自行车、没法上牌的、非法改装拼装的电动三轮车。这些车辆哪怕在今后没有电动车禁行的道路上也会被查扣。这和禁行是两个概念。今晚，深圳交警局局长支队长徐炜连线央视新闻1+1，就“禁摩限电”相关问题与白岩松进行交流。有理有据，赞一个,AGAINST
2689,深圳禁摩限电,我以前就在深圳，我想禁也是有原因的，因为在深圳有很多用电动自行车载客的，载客无所谓，为了生活，不偷不抢，但是很多人都横闯马路，红灯的时候也是照闯不误，真的很讨厌那种人啊！拿他们没办法。不过也不是所有人都那样，规章制度应该合理点,NONE
2690,深圳禁摩限电,你们的评论“然并卵”，“禁摩限电”相关法律法规已经实行，执法者不会因为部分行业的需要就减弱执法力度，更不会因为少数网民的误解和异议就放弃。无规矩不成方圆，在各个方面，面对违法违规现象，由不得城市管理者“手软”，需要拿出严格执行“禁摩限电”的决心与气魄。,FAVOR
2691,深圳禁摩限电,刚刚开车经过地铁四号线龙胜地铁站跟前看到还是有很多非法磨的和电摩。@深圳交警 |深圳·龙华,FAVOR
2692,深圳禁摩限电,【禁摩限电没有说出的半句话：把穷人从城市里清理出去】【海龙：农民进城买楼可以，骑电动车不行！】 http://t.cn/RqqZoTo,AGAINST
2693,深圳禁摩限电,#深圳禁摩限电# 为了您的安全，切莫帮衬非法营运车辆！@深圳交警 @深圳侨报,FAVOR
2694,深圳禁摩限电,支持禁摩限电！快递业使用电动车也应依法依规，有序管理，没有例外。,FAVOR
2695,深圳禁摩限电,听说深圳禁摩限电，又有什么辞职潮什么的，唉出门在外那么久，好不容易东凑西借买部属于自己的交通工具、、、想想都心酸，算了，捡包袱回家吧、、、、、、但愿路上不塞车。,AGAINST
2696,深圳禁摩限电,清华大学中国与世界经济研究中心主任、经管学院教授李稻葵说得好：“为什么禁限摩是低能的昏招？禁限摩的本质是因噎废食。简单地禁摩限电限制了公民的自由，在接受交通管理的前提下，宪法赋予了公民自由出行的权利。政府直接采取禁止限制的方式无疑是一种懒政。”这么定性好极了 http://t.cn/RqtZjbu,AGAINST
2697,深圳禁摩限电,《解筱文：武断“禁摩限电”是与供给侧改革对着干？》 |解筱文：武...,AGAINST
2698,深圳禁摩限电,【深圳禁摩限电何以变成“疯狂抓车抓人”】 深圳现在是什么样的社会，使用电动自行车就扣车扣人，请大家评理................ http://t.cn/Rqy4ObU,AGAINST
2699,深圳禁摩限电,我给领导们一点建议：一、我建议厅级以上高干必须通过司法考试，因为不懂法就当父母官会导致做出错误的决策，例如：深圳禁摩限电明显违法《宪法》；二、建议科级以上干部必须司法考试分数在330以上，不学法如何领导地方政府；三、建议国家对于违反法律规定的地方政策、部门规章等进行废除；四、建,AGAINST
2700,深圳禁摩限电,上周末，在课上和学生们讨论深圳“禁摩限电”引发的关于交通管理尤其是路权的问题，今天恰巧又看到我市交管部门透过媒体向市民征求改进交管的意见。还是那句话，民主的权利若不行使就永远只能是一张纸。,NONE
2701,深圳禁摩限电,南头南山文体中心处路上又遇到电摩兵团，七八辆一起闯红灯。强烈呼吁严打这些从不遵守交通规则的电摩。@深圳交警,FAVOR
2702,深圳禁摩限电,#欢乐颂# #五个女人一台戏# 啊啊啊啊啊啊啊啊啊啊啊啊啊啊啊不就是少女心吗给你给你掏给你！！！@王凯kkw,
2703,深圳禁摩限电,【深圳禁摩限电奖金来源不明】（记者 林金冰）深圳“禁摩限电”运动中，有政府机构对查处非法营运车辆加以奖励。深圳龙华新区下令奖励查处非法营运车辆，深圳交警局表示确有此事，但奖金并非由交警部门发放，资金来源尚不清楚 http://t.cn/RqUkCTd,NONE
2704,深圳禁摩限电,之前拆围墙的事只是稍微试试舆论反应、看不来塞就收手不干了。这回呢，深圳禁摩限电、海关大肆抢劫，闪电般的办事效率，真tm服。,AGAINST
2705,深圳禁摩限电,哈哈哈哈哈，禁摩限电之后路上电动车还多起来了，以前老实在路边的电动车纷纷开始在机动车道逆行，叫上板了。深圳车速很快，这政也是为了保护他们生命安全,FAVOR
2706,深圳禁摩限电,#深圳禁摩限电#小电电不遵守交通规则，横冲直闯，应该加强对它们的管理！,FAVOR
2707,深圳禁摩限电,中国深圳这个地方真他妈的可笑奇葩。禁摩禁电，禁完这些，那迟早要限行。因为有能力的都想买部代步的车，车多了限行就跟着来。可悲的中国为什么会有这...//【可笑的深圳禁三轮】,AGAINST
2708,深圳禁摩限电,#深圳禁摩限电#发展过程的矛盾：特大城市人口密度之大，承载压力大，根本应是曲域发展失衡，资源集中…城市建设应区域化，去功能化(多个中心)…人口素质要不断提高！ |上海·张江,NONE
2709,深圳禁摩限电,不知道说什么好了，那就沉默吧！沉默之后呢？是消亡还是爆发？//【深圳禁摩限电对准餐饮业:只可自行车送外卖】 http://t.cn/RqGPSED,AGAINST
2710,深圳禁摩限电,@深圳交警 不能弄个电摩专用道吗…路口放一个小区进出口这种电动栏杆，绿灯放行红灯关闭。闯红灯或行驶机动车道直接罚款200并暂扣电动车，缴纳罚款后才能拿回电动车。直接杜绝电摩对百姓生活影响真的很大！在国外都有自行车车道为什么中国就没有电动车车道？ |丽水·温溪...,NONE
2711,深圳禁摩限电,深圳禁摩限电引发的人权论 这次深圳大刀阔斧的进行禁摩限电的行动中，政府单方面的以禁代管已经剥夺了合法公民的正当权益，很多的弱势群体经济遭受了损失，路权行驶被剥夺，同样是国家纳税人，买得起汽车的就可以上路驾乘，这是政府的不作为，是对低收入人群的一种歧视。 ,AGAINST
2712,深圳禁摩限电,"自行车协会理事长马中超：请尊重电动自行车路权——马中超：全面“禁摩限电”政策将会严重影响当地市民的日常生活,对为国家创造税收和解决劳动就业等做出了重要贡献的电动自行车行业而言,更是巨大的打击。http://t.cn/RqxxdTn",AGAINST
2713,深圳禁摩限电,#西安新闻#【西安“禁摩限电”不能简单照搬】禁摩限电是今年的热门话题，西安该不该禁摩限电？陕西省城市经济文化研究会会长张宝通认为对电动车不应该一棒子打死，还有很多人买不起汽车。公交线路设计不合理，老百姓等公交等不来，打车打不上，这就给电动车留下了大片生存的空间。并且西安还未达到北深,AGAINST
2714,深圳禁摩限电,#深圳禁摩限电#因为汽车每年都会出交通事故，所以过两天汽车也要禁了，什么时候刀具也别用了 |日照·大学...,AGAINST
2715,深圳禁摩限电,官逼民反，这么简单的道理为什么每次都不吸取教训？为什么这次行动社会反应这么强烈，阻力那么大？就是因为你们一拍脑袋的决策，完全没有去听听民意。...//【深圳禁摩限电对准餐饮业:只可自行车送外卖】 http://t.cn/RqGPSED,AGAINST
2716,深圳禁摩限电,#深圳禁摩限电#看了深圳禁摩限电，说实话，人家骑个电动车违反哪一条法律了，随便拘留，没收。这是把地方权利凌驾国家法律上吧。虽然禁摩出发点是好的，但是这做法太粗暴，和流氓地痞没两样，还说主张自由，民主，在家门口骑车也犯法，何来自由民主之说！真是一个日了狗的国家！ |成都·龙潭...,AGAINST
2717,深圳禁摩限电,就因为深圳禁摩限电这事儿，我快递到现在都没发，收件小哥心里苦。哦，这是逼快递电动车强制升级新能源车是吧，成本高了吧，这钱谁出啊？ 消费者？,AGAINST
2718,深圳禁摩限电,一种交通工具的使用安全性是否应该和他的使用频率相挂钩，你天天吃苹果免不了会碰上有虫子，你一年吃一次西瓜还可能遇上个不熟的呢这种高危率的计算实在让人难以信服！再者而言，如果骑摩的购车了道路交通拥堵怎么解决,AGAINST
2719,深圳禁摩限电,#深圳禁摩限电# 针对松岗辖区非法营运三轮车较多的问题，松岗交警重拳出击，今年至目前为止共查扣非法营运三轮车944辆，接下来还将继续对星港城、松岗汽车站等三轮车聚集场所重点进行整治。@深圳交警 @宝安日报 @晶报 @奥一网,FAVOR
2720,深圳禁摩限电,现在的领导能设身处地的为平民著想的有几人？作为政府官员能力其次，重要的是德。//【深圳禁摩限电对准餐饮业:只可自行车送外卖】 http://t.cn/RqGPSED,AGAINST
2721,深圳禁摩限电,理解支持深圳交警查处电动三轮车行动。但希望对快递小哥网开一面，他们真的很辛苦。建议尽快出台快递员用车规范 ,FAVOR
2722,深圳禁摩限电,小区里停了10辆电动车，有关部门在禁摩限电的同时，最好还是好好思考一下，如何规范这些大型电动车发展。,NONE
2723,深圳禁摩限电,下午回家的时候，一个骑摩托车的女子突然从右边直接变到我前面，幸好我过路口之后一直提防右边的那些电动车摩托车，一直带着刹车在缓缓减速，才一个急刹将将避过她。政府禁摩限电，一群圣母婊和“车迷”开始嚷嚷，声称政府漠视弱势群体的权益，可你看看她这样的变到方式，你还认为她觉得自己弱势吗？我,FAVOR
2724,深圳禁摩限电, 人为刀俎 我为鱼肉！！ ,AGAINST
2725,深圳禁摩限电,#深圳禁摩限电#完全支持深圳的做法。其实现在私家车违法行为在电子警察的监督下已经大大降低了违法行为，电动车跟摩托车这类非机动车仗着自己体积小，灵活性高的特点，完全漠视道路安全问题，电子警察也因为它们的车牌小而不能发挥作用，导致道路交通事故频发。请@广州交警 也在广州全区实行深圳的做法,FAVOR
2726,深圳禁摩限电,#热点快评#电动车治理是系统工程。病根在国家非机动车标准早已脱离现实，马路上跑的电动车有多少是20码以下的；其次是交通法规修订滞后，现行法规对交通事故中的电动车几乎没什么处罚措施。地方政府出手治理，是末端治理。苦的是交警，加剧的是公众与政府的对立。『媒体:深圳禁摩限电有法律依据吗_手机,FAVOR
2727,深圳禁摩限电,#深圳禁摩限电#我为深圳市长点赞，电摩该禁，贫民该杀。,FAVOR
2728,深圳禁摩限电,除公共交通工具外所有机动车全部禁止，短距离都骑自行车电动车摩托车，速度限制在３０ｋｍ。长距离的坐公共交通工具，你再看看路上堵不堵，一群拍屁股做决定的。。。,AGAINST
2729,深圳禁摩限电,#深圳禁摩限电#人不能因为老是摔倒就不走路，出事故，增加人员，加强疏导就行。为什么要严禁的这么重！说好听了是一劳永逸，其实这不就是因为那样更加费时费力吗！中国式怠惰。,AGAINST
2730,深圳禁摩限电,当时在深圳出发去坐火车，公交坐过站，时间又赶，就是坐的摩的过去的，至今仍很感谢那位师傅。#深圳禁摩限电#看问题请看两面，给人一条谋生之路。,AGAINST
2731,深圳禁摩限电,发表了博文《李旭之：禁摩限电是个好政策》李旭之：禁摩限电是个好政策深圳广州不愧是改革的最前沿地区的核心城市，深圳更不愧为改革嫡生出来的城市，能最领悟到下一步该怎么走。这次深圳广州打头，又走对了一次，全|李旭之：禁...,FAVOR
2732,深圳禁摩限电,#深圳禁摩限电#死喷子们 你们有几个是特么真正从小生活在这个城市的？不了解城市环境就别bb,FAVOR
2733,深圳禁摩限电,深圳关于禁摩限电的最新一轮疯狗行动已经接近大功告成了，据说有上万部电动车被没收，几百人被拘留(有点怀疑会不会那么多)。举国一片骂声之下，很多人疑惑，究竟为啥，深圳市领导要采取如此粗暴到弱智的措施呢,AGAINST
2734,深圳禁摩限电,#深圳禁摩限电#我们这还不让骑电动三轮车呢 逮到一个发50块钱或者更多 |商丘·永城...,NONE
2735,深圳禁摩限电,黑龙江省也应当学习深圳，在哈、齐、牡、佳来一场史上最严厉的“禁摩限电”整治行动，这东西交通事故率太高，而且管理混乱！！ — —「深圳禁摩限电 立交桥下成“电单车坟场”-新闻图片库-大视野-搜狐」 http://t.cn/RqLIF9u,FAVOR
2736,深圳禁摩限电,#深圳禁摩限电#不是说好了**主义人民当家做主吗，怎么在家门口骑车都不可以？ http://t.cn/RqLddqo,AGAINST
2737,深圳禁摩限电,禁止摩托车是最傻的政策，同样道路面积，一辆轿车差不多相当于四辆摩托车，摩托车出车祸的危害也没有汽车严重，搞不懂为啥要禁摩托。,AGAINST
2738,深圳禁摩限电,#深圳禁摩限电#说实话，人家骑个电动车违反哪一条法律了，随便拘留，没收。这是把地方权利凌驾国家法律上把。虽然禁摩出发点是好的，但是这做法太特么粗暴，和流氓地痞没两样,AGAINST
2739,深圳禁摩限电,#深圳禁摩限电#应该封了卖电动摩托车的吧！公交车系统不完善！出租车又那么多问题！这些问题不解决，禁了有何用？,AGAINST
2740,深圳禁摩限电,#深圳禁摩限电# 人民日报发声了，不要剥夺老百姓使用电单车的权力，你怎么看！！,AGAINST
2741,深圳禁摩限电,深圳禁摩限电首日拘留三百余人！---中国梦醒时分~~~http://t.cn/RqLQaP2 http://t.cn/RqLQaP2 |秒拍视频,NONE
2742,深圳禁摩限电,#深圳禁摩限电#因为电动车引发事故多，所以一刀切直接禁止？真是没想到到了今天居然还有这么粗暴的政策。我想问一句，刀子杀人也多，为什么不不刀具厂给查封了？国家一方面鼓励生产绿色能源汽车，地方政府居然禁止电动车上牌上路，真是奇葩。 |化州·播扬...,AGAINST
2743,深圳禁摩限电,#深圳禁摩限电#并不是每个人开车都是横冲直撞的，你以为他们都不要命吗？我觉得只要是不违反交通规则的摩托车那些的都可以上路，你以为每个人都养得起小车吗？现在油价多贵啊。能不能为老百姓着想，有句话说:“兴，百姓苦，亡，百姓苦”苦的都是我们老百姓啊，都开小车，到时候又说什么污染环境了。,AGAINST
2744,深圳禁摩限电,吃饭会噎死哦~深圳交警你妈叫你别吃饭了 ,AGAINST
2745,深圳禁摩限电,电动车其实都是方便人的优秀发明，但是有些骑电动车的车主实在是太屌了，见缝就钻，而且车速还很快，个个牛气的很。闯红灯的现象更是常见。以为自己不是车，我骑自行车好歹也等下红绿灯吧。拿自【深圳禁摩限电背后：明码标价奖励抓人扣车】 http://t.cn/RqyfALA（分享自 @一点资讯）,FAVOR
2746,深圳禁摩限电,#深圳禁摩限电#神似产业剥离，低端交通慢慢就会消失在一线城市，希望广州也快些。,FAVOR
2747,深圳禁摩限电,#深圳禁摩限电# 拿一年几十起的电动车事故鸡毛当令箭，有什么事情是上牌和明确管理规章解决不了的？你说电动车逆行占道闯红灯，按照法律法规抓就得了，你说部分电动车超速超重，你倒是管理一下源头啊，生产许可证谁发的？你说深圳没有自行车道？有些路连人行道都没有…怪平民老百姓囖…,AGAINST
2748,深圳禁摩限电,管理手段如此粗放，一群博士学历的领导们就这点儿水平？ ,AGAINST
2749,深圳禁摩限电,人民等着你们散伙。//【深圳禁摩限电对准餐饮业:只可自行车送外卖】 http://t.cn/RqGPSED,AGAINST
2750,深圳禁摩限电,半夜被郁哥拉起来玩了两把lol，边玩边聊起了两人初到深圳的种种，东门，电摩，海边足球场，信工楼，黄金右走廊……太多了，情不自禁发出声声感叹。依然记得微博第一个粉丝就是郁哥，结果因为涉黄被封号，至今我都无法@到你。相互间还屏蔽了朋友圈，怕就怕哪天秀恩爱，照片里的女的是同一个人。,NONE
2751,深圳禁摩限电,今晚锵锵三人行讨论深圳治电摩话题，有点敏感。窦文涛、许子东、马家辉三位讲了很多，但都讲点表面的东西，温柔一点说，根子都出在政府不专业这个问题上，无论如何政府还是要专业一点，中国改革的唯一出路是城市化，城市化那么简单吗？中国可以学美国人人开车吗？城市管理欠帐太多，将来会如何更重要。,NONE
2752,深圳禁摩限电,"深圳禁摩限电，就好比只许州官放火，不许百姓点灯。有钱人可以开车，没钱人就连电动车都不能骑。是要给电动车监管，不是一棒子打死,既是资源的浪费，更是对民生的侵害。君子为政，当古道热肠！",AGAINST
2753,深圳禁摩限电,梦到成为zearler的一员。第一天在深圳上班，第二天发现人都去北京分公司了。然后马上订机票去北京。进公司大门之前看到雷军骑一电摩自如看到很肃敬地打招呼。结果下午又忙不迭的坐飞机回深圳。别人叫我坐火车，我说别逗了。高铁我都嫌慢。我特么是壕么真是爱得深沉啊卧槽。,
2754,深圳禁摩限电,下午横岗蜀黍在湛宝路及龙岗大道禁摩限电整治。再次提醒[话筒]:深圳禁摩限电，大伙别任性哈！,FAVOR
2755,深圳禁摩限电,制定合理政策！//【深圳禁摩限电对准餐饮业:只可自行车送外卖】 http://t.cn/RqGvKJp,FAVOR
2756,深圳禁摩限电,深圳禁摩限电，富人点赞，平民吐糟。 ,NONE
2757,深圳禁摩限电,@V7是神经病 @超神学院  蔷薇的摩托车不错 现在禁摩限电 会不会被扣啊  第一集没什么亮点 不过开的一年都会员 以后慢慢看 |深圳·沙井...,NONE
2758,深圳禁摩限电,#深圳禁摩限电#并不是每个人都有钱可以买得起汽车那你这样一棍子打死让底层的人怎么办？退一万步讲就算你深圳人人都开得起汽车，到时候条条大路都是堵，怎么办？政府就是这样办事，这就是所谓为人民服务？,AGAINST
2759,深圳禁摩限电,每次看到电动车就下意识的刹车，没错，我是女司机，坚决支持支持禁摩禁电,FAVOR
2760,深圳禁摩限电,#法律博客#【壁立千仞:治疗城市病急不得】“禁摩限电”这类治疗城市病的事情还会出现。从一次一次引发的公众关注的情形来看，地方政府开药治病时一定要不急不躁，依法考虑周全，突出理性文明，积极回应社会关切，不断提升服务水平。如此，治理能力和治理水平才会上台阶、上档次。http://t.cn/RqJFVuZ,NONE
2761,深圳禁摩限电,实在不堪其扰 东湖路布心中学这块每天半夜都有改装电摩在飙车 要疯了 我搜索了一下微博 不少人在微博上投诉 甚至有网友报警两年了都没下文 怎么回事啊 能不能管管啊@深圳交警 @深圳公安 求关注 @第一现场 @都市路路通 @罗雪儿在线,FAVOR
2762,深圳禁摩限电,从3月21日起，一场被媒体称为史上最严厉“禁摩限电”整治行动在深圳展开，据深圳市交警局通报，http://t.cn/Rqxy11X,NONE
2763,深圳禁摩限电,"深圳禁摩限电运动成果显著,不知大家怎么看？挣扎在底层没有汽车的朋友们,我佛慈悲让我们一起去南极吧！那里可以任由翱翔。",AGAINST
2764,深圳禁摩限电,【微纪录】深圳“禁摩限电” 被改变的生活：搭客仔,NONE
2765,深圳禁摩限电,老婆在深圳做粮油生意，常骑电动车送货，这些年被收缴及被盗的不下20辆。大部分在深做小生意的应有相似遭遇，家庭买一袋米，一包面粉，甚或一件啤酒......电车就成了绿色送货的交通工具，中新闻拍的湖南郴州电摩“坟场，”深圳我也见过。深提倡绿色出行，曾想城市规划全城如设有自行车道，深圳将更美！,NONE
2766,深圳禁摩限电,【深圳禁摩限电】 深圳禁摩限电 【分享自胜芳吧】 现在深圳，西安，限制摩托车，电动车，以及电动三轮车上路，查扣车辆超过万辆，拘留几百人，力度之大空前绝后，胜芳的电动车已经成了公害了，还大力治理整顿了... http://t.cn/RqMXhPg,FAVOR
2767,深圳禁摩限电,强烈禁摩的人基本上都是有钱开车的，请告诉我没钱开车的我如何出远门？不是我想去的地方都有公交的[微笑]！你们可以借车给我开开不？ 另外，电瓶车好像更环保诶,AGAINST
2768,深圳禁摩限电,#深圳禁摩限电# 西安也该禁了，快递三轮低速行驶在主道上随意刹车，随意掉头，随意逆行......仿佛整个西安都是他家似得！包裹给你随意塞柜子里就不管了，我都受够了快递！二轮电动车也必须普及下交通常识，要不然真的...原本摩托车都有驾驶证的，非不让上路，然后弄上一堆没有任何交通常识的人乱窜,FAVOR
2769,深圳禁摩限电,还是同样的故事。中山大道，禁摩限电路段，摩的穿行，甚至逆行，蜀黍你是该出来管管了。@深圳交警 @深圳坪山交警,FAVOR
2770,深圳禁摩限电,"#深圳禁摩限电# 那穷人来深圳打工无论刮风下雨只能代步的东西公交公交还是公交,怎么感觉像一种歧视？",AGAINST
2771,深圳禁摩限电,应该封了卖电动摩托车的吧！[哼]公交车系统不完善！出租车又那么多问题！[衰]这些问题不解决，禁了有何用？ ,AGAINST
2772,深圳禁摩限电,什么时候长春也能实行啊，本来就狭窄的车道到处都是逆行的电动车，他们就仗着“反正你也不敢撞我”这种强盗一样的思想到处横冲直撞，机动车才是被欺负的一方，被挤得走走停停，整治的好，你穷不是理由。 ,FAVOR
2773,深圳禁摩限电,《沁 园 春·深圳堵车》：深圳风光，千里车流，万里人潮。望深南内外，车行如蚁；北环滨海，汽笛啸啸。司机烦躁，膀胱欲破无处尿。看日落月升，尚未过桥。交通如此糟糕，引无数驾友赴公交。叹神龙大众，慢如蜗牛；奔驰宝马，无处发飙。一代天骄，兰博基尼，泪看电摩把车超。 （转）,
2774,深圳禁摩限电,【中国摩企，拿点魄力出来！】   近日，广深两个城市加强“禁摩限电”的深一步行动，让摩托车这个已经脱离中国中高层人士视野的交通工具再次走入关注的热点。根据不完全统计，中国2015年摩托车产量仍然接近 http://t.cn/Rq5zwId,AGAINST
2775,深圳禁摩限电,转自：营商电动车近日全国部分省市又开始禁电禁摩。全世界都在关注的中国“禁摩限电”！来瞧瞧世界各国怎么说？（友情提示：请在wifi条件下观看！）|摩托解禁宣... |电动车得罪...,NONE
2776,深圳禁摩限电,深圳禁摩限电的整治行动，治标不治本的权宜之计，正是多年来政治上的雏形，每一次整治斗争，司法裹足不前，更是凸显社会矛盾。 ,AGAINST
2777,深圳禁摩限电,2016-04-07锵锵三人行 深圳“禁摩限电”引发社会舆论关注 （分享自 @凤凰视频） |2016-04-07...,NONE
2778,深圳禁摩限电,据《新京报》报道，深圳龙华新区龙华办事处下发的《关于调整交通综合整治奖励项目及标准的通知》规定，凡在“禁摩限电”的专项整治中，查获收缴加装铁甲的非法营运三轮车每查处一辆奖励600元，普通三轮摩托车、三轮电动车每辆奖励100元，拘留一人奖励500元，刑拘一人奖励2000元。,AGAINST
2779,深圳禁摩限电,深圳交警笑了：2000万人的城市，只有我们能骑摩托。 深圳“禁摩限电”，难道深圳的大街上就不会出现摩托车的身影了吗？错，不仅会出现，而且还是国产的大排摩托车，由威风凛凛的交警们驾驭着。@广东台DV现场深圳站 @深圳交警 @CCTV http://t.cn/RqNygu2,AGAINST
2780,深圳禁摩限电,我估计是市委书记被电动车撞了一下腰，所以发了疯似地刮风整顿！权力真是任性啊！【禁摩限电：懒政与腐败的变奏？】陶舜：深圳执法当局不顾反对依然坚持“禁摩限电”，反映了两个问题，一是懒政，二是懒政开启腐败空间，。 （分享自 @FT中文网） http://t.cn/RqI8ufv,AGAINST
2781,深圳禁摩限电,由于深圳龙岗区禁摩、禁电动车，便出现了大量的自行车载客现象，价钱5～10元不等，2014年的一线城市竟然有大量人力车，当时我就震惊了！这座经济特区城市一方面要保持它国际化大都市的形象，一方面又不得不依赖大量的廉价劳动力去推动经济发展。政府一刀切的懒政背后是否有考虑过“哀民生之多艰！,AGAINST
2782,深圳禁摩限电,主人离开七个月后又回到家，先躲了起来。狗狗回来后瞬间闻到了主人的味道，开始疯狂的在家寻找，最终团聚时真的开心哭了……离开再久我都记得你的味道，永远都等着你回来 |秒拍视频 .,
2783,深圳禁摩限电,深圳禁摩限电，比亚迪有罪推定-王思想的博客中国专栏 深圳禁摩限电，比亚迪有罪推定中国各地打压摩托车、电动自行车、三轮车，都是为权贵的汽车腾出路面。这是毫无疑问的。问题在于：如果仅仅为了腾路面，不至于这么疯狂。中国有多个城市打击摩托车三轮车，已经很多年了 http://t.cn/Rqi9Ugm,AGAINST
2784,深圳禁摩限电,民生呀。这是扇深圳交警耳光吗？//【莫迪亲自推广电摩 称关系“印度崛起”】 http://t.cn/Rq5dJOV,AGAINST
2785,深圳禁摩限电,我是支持深圳禁摩限电的，载客的摩的横冲直闯，亲眼见过几次事故，最开始我看抓的都是载客的，可能后来政府有奖励，交警开始抓快递了，不知道其中快递比例有多少，刚刚出门看到快递仍然在电动车送件，政府不应该一刀切，载客的这部分才应该是重点整治的对象@深圳交警 |深圳·龙华...,FAVOR
2786,深圳禁摩限电,求助：深圳这次禁摩限电，抓一人奖励多少？扣一车奖励多少？我收藏的该数字文章打不开了。,AGAINST
2787,深圳禁摩限电,每天新闻都在说深圳禁摩限电，我们百姓想知道，具体什么标准的电池车能够在深圳行驶，毕竟有太多我们这样的务工人员买不起小车，可以解答下吗,NONE
2788,深圳禁摩限电,土匪行径分享视频：#老谈说事# 禁摩限电需要这种火爆吗？拿不出国家标准，上路没有标准，为何厂商还在大肆生产？谁之过？ |秒拍视频,AGAINST
2789,深圳禁摩限电,所以你让我相信中国政府的管理能力？即便是深圳号称“经济特区”，楼市一刀切的弱智政策，禁摩禁电的一刀切懒政政策，都无一不体现出这个政府低下的管理水平。 ,AGAINST
2790,深圳禁摩限电,“深圳开展”禁摩限电“整治， 上海拍牌艰难， 未来交通出行，何去何从？”我正在听《“禁摩限电”，”天价牌照“，谁错了？ | E06》很喜欢！都来听听吧。http://t.cn/Rqtr5LB（分享自@喜马拉雅FM）,AGAINST
2791,深圳禁摩限电,#禁摩限电#世界和平,NONE
2792,深圳禁摩限电,#今日中方#  时隔9个月后禁摩限电的触动。风已过雨不停。曰:树欲静而风不止。自怀化政府下文执行禁摩规电致今9月有余。当时决心之为，满城风雨，鸡飞狗跳。我感言，冰冻三尺非一日之寒，得从各方政策着手，加大法制宣传从源头下手。至今9月有余雨在下风不停。可本人最近走在街上细心观看，舞水路路段,NONE
2793,深圳禁摩限电,"YOU jump, my jump！",NONE
2794,深圳禁摩限电,#深圳禁摩限电# 目前，@深圳龙岗交警 蜀黍们在辖区內开展禁摩限电行动。现阶段重点查处地铁口、公交站点、商业繁华区域等路段摩托车、电动车聚集兜客拉客实施非法营运的违法行为！@深圳交警 @深圳侨报,FAVOR
2795,深圳禁摩限电,深圳又出新闻严打电摩了，就问深圳地区的牛郎该如何正确骑牛？@小牛电动 |深圳·科技...,NONE
2796,深圳禁摩限电,说到底触犯的都是最底层民众的利益，有钱有权的总有办法规避和减少政策法规对自己的损害。有钱无所谓，没钱没办法。,AGAINST
2797,深圳禁摩限电,深圳禁摩限电，究竟想干什么？封杀的不是电，摩而是民心！禁摩限电没有说出的半句话：把穷人从城市里清理出去 http://t.cn/Rq5Lbud来自凤凰新闻,AGAINST
2798,深圳禁摩限电,#禁摩限电#@深圳交警 你们干的漂亮，成功的让深圳站在了舆论的风口浪尖。成为了全国行业里的标杆，各地纷纷效仿 ，有地区抓一人奖励五百。深圳不止#禁摩限电#还限外地车、限行、限号，一个车牌拍出172万的天价，就是想问下啥时候限外地人，深圳户口啥时候拍卖http://t.cn/RqfbxSt,AGAINST
2799,深圳禁摩限电,还有很多人不知道是，深圳大马路上跑的很多没上牌电动警车，都是BYD送的！都是BYD送的！都是BYD送的！ ,AGAINST
2800,深圳禁摩限电,虽然非常讨厌那些乱串乱冲的电动车，但是都不容易也能理解。一刀切未必好事，但如何更加合理合法的规范的确是个难题。,NONE
2801,深圳禁摩限电,最近深圳限摩行动很受非议，官方言：往年摩托发生交通事故的频率很高。这样的原因跟电摩没有国家标准没有什么关系。交通部门的简单的执法，似乎忘了这是个复杂的社会问题，单方面很难解决好。对于国标问题，可以直接把西方发达国家的标准弄过来用，我们很多东西都是向发达国家看齐，可取。,NONE
2802,深圳禁摩限电,放着需要驾照牌照保险的摩托车不用，放纵电动车。现在电动车问题大了，又来全城追捕。时速不超20km/h 的安全标准就是个笑话。我他妈自行车都能比这块 ，快去电动车墓地扫墓吊唁一下吧#深圳禁摩限电# |温州·水头...,FAVOR
2803,深圳禁摩限电,关于深圳禁摩限电，我举双手支持，路上那些逆行的往往是那些送快递或者是送外卖的电瓶车！吓死人！,FAVOR
2804,深圳禁摩限电,【媒体三问深圳禁摩限电：有法律依据吗？】深圳市近日集中整治“禁摩限电”，对所谓超标电动车进行查处。由于现行快递公司多依托电动车投递包裹，有快递员在车辆遭查扣时与执法部门产生冲突。媒体报道，已有4家快递企业近800辆快递三轮车被扣押，近50名快递员被拘留。http://t.cn/RqLb69W,AGAINST
2805,深圳禁摩限电,当初那群批判“占中”和“太阳花”花没脑的人，嘲笑他们被煽动！这次深圳禁摩限电正好体现出，并不是“一国两智”而是“一国一智”，不顾事实，断章取义。果然两岸三地一家亲啊！,FAVOR
2806,深圳禁摩限电,城市的禁摩只能彰显这个城市政府的无能，以及这个国家的悲哀！#深圳禁摩限电##广州禁止电动车#,AGAINST
2807,深圳禁摩限电,#深圳禁摩限电# 为什么要禁？因为很多摩、电都乱窜乱窜乱窜！不能好好爱惜下自己和别人的生命吗？禁止没错！如果没有摩、电大量乱窜行为，我对摩、电没意见,FAVOR
2808,深圳禁摩限电,深圳“禁摩限电”目前已经进入第三周。昨日，执法行动查扣了非法营运三轮车、摩托车、电动自行车共计1001辆，拘留无证78人。外卖行业的超标电动车，也被列入执法对象范围内。民警表示，外卖行业多为短途运送，需使用自行车遵规行驶。,NONE
2809,深圳禁摩限电,这规则肯定是驾校校长和4s店老板联合制定的,AGAINST
2810,深圳禁摩限电,@深圳交警 在龙胜地铁站有电摩在拉拉客哦，交警蜀黍,FAVOR
2811,深圳禁摩限电,限制的应该是大功率不达标的东西不是全部，我见过那种改装的电摩跑到100多的时速…那玩意杀伤力比别的东西厉害的多…//【深圳禁行摩托车限制电动车 首日拘留三百余人】 http://t.cn/RGsPGQA,FAVOR
2812,深圳禁摩限电,#深圳禁摩限电# 宝安大道开展禁摩限电整治行动。@深圳交警 @平安宝安 @宝安日报,FAVOR
2813,深圳禁摩限电,最好的办法是：学希特勒，把我们这些穷鬼都赶到集中营的焚尸炉里去，这样剩下的都是高贵的人，也就不用限这限那的了，他们的日子也就好过了！【禁摩限电没说出的半句话：把穷人从城市清理出去】 http://t.cn/Rq52giD（分享自 @一点资讯）,AGAINST
2814,深圳禁摩限电,@萌购 也太慢了……海运慢我不说啥，深圳走了5天！有必要这样么？就算是限制电摩你这也太慢了吧,NONE
2815,深圳禁摩限电,以前是不太明白为毛要禁摩的，但后来发现有些电瓶车开得贼快，而且老是鸣喇叭，窜来窜去，尤其是深夜在小区里开会很吵。另外车位本就不够，电瓶车不像单车可以放家里，只能到处乱塞，搞得公共区域环境很差，快点把电瓶车也给禁了吧！,FAVOR
2816,深圳禁摩限电,深圳“禁摩限电”成热点话题，普及覆盖,NONE
2817,深圳禁摩限电,河源也是4月1开始禁摩限电 ,NONE
2818,深圳禁摩限电,最近@深圳交警 的所作所为我只能呵呵。。。。禁摩限电被骂，现在就天天发摩托车电动车的交通事故来增援，汽车事故怎么就不发，酒驾撞死多人怎么就不发 都买汽车你有那么多车位吗，你有那么多号吗，都买汽车天天塞死你们。城市里面骑电动车的人很多都能买得起汽车，但是买了停哪里呢,AGAINST
2819,深圳禁摩限电,外卖小哥骑着电动车横冲直撞、险象环生，既然自己不会自律，就怨不得被管被禁 ,FAVOR
2820,深圳禁摩限电,深圳这个地方，表面光鲜，赶欧追美，底子里还是延安西柏坡思维。,AGAINST
2821,深圳禁摩限电,深圳禁摩限电就是瞎搞，经济会倒退的！,AGAINST
2822,深圳禁摩限电,#深圳禁摩限电# 吃饭会噎死哦~深圳交警你妈叫你别吃饭了,AGAINST
2823,深圳禁摩限电,发表了博文《是时候给电动车制定国家标准了》是时候给电动车制定国家标准了《中国青年报》4月13日刊载了署名朱达志的文章（原文）深圳“史上最严厉的‘禁摩限电’整治行动”日前在全国引起悍然大波，国家邮政局官|是时候&nbs...,NONE
2824,深圳禁摩限电,交管部门监管管理前提是必须做到公平，电单车作为交通工具，节能减排，节省道路资源，电单车所有者理直气壮地应该和小车所有者有同样平等的交通权。禁摩禁电是蔑视弱势群体权益的懒政行为！深圳交管部门必须检讨错误的作为！ ,AGAINST
2825,深圳禁摩限电,#深圳禁摩限电#说好的以人为本呢，有暴力执法才出现的暴力抗法，冤冤相报，循环往复，循环往复，循环往复。,AGAINST
2826,深圳禁摩限电,支持。这种车在路上尤其小区里横冲直撞，到处乱停。和机动车刮擦还不用担责任。,FAVOR
2827,深圳禁摩限电,深圳是特区，所以在深圳发生的有些事内地人不应该大惊小怪，更不必争论得面红脖子粗，例如深圳最近的“禁摩限电”，据报道，这几天仅四家快递公司就被扣800辆电动车、50名快递员被拘留。内地人争论的焦点在：“限电”是在保护富人还是在保护穷人？是保护了富人出行的顺畅，还是剥夺了穷人的出行自由？,NONE
2828,深圳禁摩限电,#深圳禁摩限电# 人民网评：深圳禁摩限电，能否“带着温度落地”？来源: 人民网(北京)（原标题：人民网评：深圳禁摩限电，能否“带着温度落地”？）深圳“史上最严”禁摩限电行动，迎来公众质疑粗暴执法等舆情。（原文人民网已经删除）http://t.cn/RqbW0hM,NONE
2829,深圳禁摩限电,所有的开心 难过 烦躁 郁闷 有你就够了 再烦生活还是得继续,NONE
2830,深圳禁摩限电,支持禁了电动车， 摩托车需考牌！  电动车速度太快又不遵守交规还走非机动车道， 见过太多因电动车出的事故了。 ps：我在北京,FAVOR
2831,深圳禁摩限电,强烈支持禁摩限电！网上那些造谣煽动民众情绪的人—没在深圳路上走过没被摩的伞刮过没被摩的刮擦过没被乱穿行的摩的撞过没被路上横七竖八堵在地铁口的摩的拉客没被摩不守交通规则惊吓过的人，你们没有资格指手画脚。就因为是现代化城市，才不能放任这些违章违停不受交通规则的行为肆意妄为。支持交警！ ,FAVOR
2832,深圳禁摩限电,简单、粗暴、极端。一大堆的社会问题谁来解决？爱深圳、请先爱深圳的老百姓,AGAINST
2833,深圳禁摩限电,#深圳禁摩限电#这不就是典型的只许州官放火，不需百姓电灯吗？有权就能黑说成白，无权你就默默挨鞭！那为啥不限槽罐车呢？为啥不限工程项目？ 人家暴力执法，那是因为你们暴力抗法啊！人家闯红灯，那是因为紧急任务啊！人家……，那是因为……!对，什么都是我们的错！,AGAINST
2834,深圳禁摩限电,别就深圳禁啊。全国都禁啊。这才是你们风范吗。你踏马敢吗？,AGAINST
2835,深圳禁摩限电,看新闻说最近深圳很多行人被罚戴绿帽子，墙裂建议警察蜀黍来深圳科技园抓闯红灯的骑电动送外卖或者骑电摩做生意的！一抓一把！尤其是上下班时间！行人好好按绿灯过马路，冷不丁就有嚣张的破电动闯红灯冲过来、冲到跟前才长按喇叭、有时候还骂行人！墙裂建议严罚！！@深圳交警,FAVOR
2836,深圳禁摩限电,#刺猬小子鬼畜红毯秀#身为一个演员，我已掌握了红毯抢镜的精髓，见人要卖萌，红毯要蹭够时间，实在不行就躺着，虽然最后差点被保安哥哥拖走，但我长得太可爱了，好多明星都过来摸我抱我，连金宇彬oppa看到我都忍不住吃我“豆腐”~ 7月22日，记得来电影院看我哟。,
2837,深圳禁摩限电,@深圳交警 警察叔叔求求你们了，管理一下电动摩托车吧！刚在海城路过红绿灯，被一个载客电摩撞了。他说刹车坏了！又冲红灯又撞人！还没刹车！求求你们了，不要让他们上路吧！,FAVOR
2838,深圳禁摩限电,深圳禁摩限电表示支持，作为骑自行车的老年人，时刻在担心不知啥时间就被后面或侧面横冲直撞的电动车要了老命。电动车悄无声息，车速极快，危险性极强。深圳的交通事故死亡率，仅电动车司机就占到26%，真不得了！禁摩限电得少死多少人那！期盼着太原市早日实行,FAVOR
2839,深圳禁摩限电,#深圳禁摩限电# 自行车、汽车也同样会引发交通事故——为何单怪他们？（我早就发现：交通的混乱，反映了“交管局”内部的混乱！）必须先严整公安交管局内部！——抓问题的根本！@深圳交警@中国政府网@人民日报,AGAINST
2840,深圳禁摩限电,说的好像全国就深圳抓电动车似的[doge]哈尔滨禁摩禁电好多年了，快递员都知道躲着交警走[doge]，说实话，电动车也挺让人头疼的，很多电动车比行人还不遵守交通规则，还没有个确切的法规能管得了，他不收交规被车撞机动车还要负责任,FAVOR
2841,深圳禁摩限电,三流决策外加疏于管理的恶果  最终只能采取非常规手段了  感觉像临时抱佛脚  决策者是不是有拖延症啊  想当初都干嘛去了 现在害苦了平民百姓 ,AGAINST
2842,深圳禁摩限电,说出自己的观点就好。无需跟他人辩论：你跟他们讲法，他们跟你讲理；你跟他们讲理，他们跟你讲法。 ,NONE
2843,深圳禁摩限电,#深圳禁摩限电#上午，@深圳龙岗交警 组织警力在南岭村和布吉长龙路段开展禁摩限电整治，目前，查扣摩托车21辆，电动三轮车1辆，抓获非法聚集兜客揽客5人，其中三人无证驾驶摩托车，现均已移交派出所办理行政拘留。@深圳交警 @深圳侨报,FAVOR
2844,深圳禁摩限电,开电车不是中国人，拉客也要付出才有钱收，如果拉客中出现个别被抢被欺骗的事发生那时你们民警的事，试问没有这种车你就天下太平？？罚了中国人民的钱...//【深圳禁摩限电对准餐饮业:只可自行车送外卖】,AGAINST
2845,深圳禁摩限电,深圳禁摩限电，也是无奈之举了。这几年交警对电单车基本是睁一只眼闭一只眼，导致电单车恶性发展，对城市交通造成了严重影响。在一些主干道上，电单车成群结队，任意穿行，机动车成了弱势群体。本人就亲历被快递电单车猛烈撞击的车祸，所幸快递员无事。本人也在交警的示意下，主动承担全责。,FAVOR
2846,深圳禁摩限电,看看包2怎样治国的禁摩限电，网言入罪，大谈人民安全感幸福感，民众却生活在生死边缘，城管暴力执法打人伤人，警察乱开枪。包2大谈正义感社会却没有正义感，包2反腐是越反越多层出不穷，出台死法律安抚民心。,AGAINST
2847,深圳禁摩限电,我就说一句话：不是每个人都能买得起汽车的！国家不能剥夺穷人的生活权利！！！ ,AGAINST
2848,深圳禁摩限电,#深圳禁摩限电#互粉送权志龙 |深圳·西乡,NONE
2849,深圳禁摩限电,深圳的执行力真不错。沈阳禁摩限电好几年了，现在马路上超标超速无牌照的电动车还是噌噌的，所谓的规定就是一阵风，骗了几个钱后就成了一纸空文。,FAVOR
2850,深圳禁摩限电,近日，深圳又开展禁摩限电运动，收缴大量电动单车、三轮车。深圳南头立交桥下，长期堆放电动单车,NONE
2851,深圳禁摩限电,3月10日，深圳蛇口港交警在辖区开展行动，对摩托车和电动自行车交通违法进行严查！无证驾驶机动车？拘留！ ,NONE
2852,深圳禁摩限电,看深圳禁摩限电行为政府一味指责电动车隐患多事故频发，一纸禁令。为什么电动车发展如此迅速？一是公共交通落后，政府又禁摩，被逼无奈中低收入者。二是乱象不怪电动车和车主本身，而是地方政府惰政，处理不好国标与市场关系。三是消灭交通工具得管理方式竟然是违法的，道交法。,AGAINST
2853,深圳禁摩限电,积极响应大家提议“第二多”的话题今晚谈深圳严厉“禁摩限电”～,NONE
2854,深圳禁摩限电,感觉从来都不会从根源上找问题。咳嗽了不是吃止咳药就行，得查病因治病根，而不是看到烂肉就切掉，不然初期看似好了，其实只是一场大病爆发前的征兆。,AGAINST
2855,深圳禁摩限电,锵锵三人行20160407 @马家辉在香港 @许子东 窦文涛  : 深圳“禁摩限电”引发社会舆论关注 |2016-04-07...,NONE
2856,深圳禁摩限电,"#贴图分享# #贴图神评论大赛# 我正在看【[原创]“禁摩限电”: 一禁天下宁，一限烦恼少？ - 凯迪手机网】,我想说：【分享】",AGAINST
2857,深圳禁摩限电,150407 UPDATE 4P 电摩少女出动!!!谢谢在深圳继续做茜茜保镖的SUKI解接我们下次见咯@宋茜-fx--victoria #宋茜# #宋茜美丽的秘密# 更多高清请戳【http://t.cn/RAxlJk8】,NONE
2858,深圳禁摩限电,快递公司应该属于企业用车！应该跟监管局协商！快递专用电动车 单位需统一办理营业许可证书！这样我觉得不应该一刀切！ ,NONE
2859,深圳禁摩限电,上个月，深圳启动史上最严的“禁摩限电”整治行动，行动开展以来，共查扣电动车17975辆、拘留874人。不过也引发了一些舆论波澜。你对“禁摩限电”有什么好建议？可以平衡道路安全与供需市场的需要？欢迎通过《第一现场》微博、微信公众号、壹深圳客户端发表意见。 ,NONE
2860,深圳禁摩限电,“禁摩限电”原因之一：深圳道路交通没有设计摩的、电动车的道路；国家无标准，行驶无牌照，上路无依据；这些是消费者的责任吗？为什么不先处罚无标准的生产消售者,AGAINST
2861,深圳禁摩限电,#深圳禁摩限电#病得不轻药不能停，神经系统坏死了，一阵一阵的说变就变。,AGAINST
2862,深圳禁摩限电,我就问你们交警还有没人性？是这样执法的吗？是杀人放火了还是烧杀抢掠了？你们的执法就这样曝光在总目睽睽之下不羞耻吗？难道你们禁摩限电是靠打老百姓伤老百姓东西才能达到效果还是完成你们的指标？别口口声声说的自己多么的仁义之师#深圳禁摩限电#,AGAINST
2863,深圳禁摩限电,没有比#禁摩限电# 更愚蠢可笑的了，这是和#治理拥堵# 对着干。逼着骑电动车的人放下电动车而开汽车上路。应该引导电动车循规蹈矩，不闯红灯不逆行，上牌对自己的行为负责。监控到多少号汽车或电动车一视同仁，违章及时通知车主前来处理，不来处理的进入信誉记录，处处受制，鼓励以电动车替代汽车出行。,AGAINST
2864,深圳禁摩限电,关于深圳禁摩限电，刚刚在某快递公司网站上发现的一张照片，实在是逼的没办法了。这么奇葩的政策，到底是为谁设计的？,AGAINST
2865,深圳禁摩限电,#深圳禁摩限电#对于改革开放先头兵，市政府一干领导班子不用骑摩电，不用为生活奔波，而那些注入城市的新鲜血液呢，那些为了服务大众走东串西的服务行业呢，都去开汽车吗？这将改变一座城，一座看起来高大上无底层无下限的城！看着那一堆摩电都是财富啊，我想说你们不要，别浪费了，捐给需要的人吧。,AGAINST
2866,深圳禁摩限电,怀念过去的当兵时代，那时候没有人情世故的复杂，那么难做人，当我现在看到深圳的（禁摩限电），治安员，警察叔叔，等，疯狂的电动车，大的抓，小的抓，我们不就没钱吗？买不起小车，挣点钱吧！还交个税，买个小电动车，送孩子上个学，被告知这条路不能走，车被抓，谁来为民做主啊,AGAINST
2867,深圳禁摩限电,希望大合肥尽早禁摩限电，汽车单双号，不是早就禁摩了吗，堵，继续……,FAVOR
2868,深圳禁摩限电,禁摩禁电有可能是为了垄断快递车 ,AGAINST
2869,深圳禁摩限电,枪不杀人，是人杀人。快播不放片，是人放片。电动车不危险，是人危险。公民私人财产神圣不可侵犯。深圳禁摩限电…,AGAINST
2870,深圳禁摩限电,支持深圳禁摩限电！ 妈的。。。电动车恐怖死闯红灯 随便变道,FAVOR
2871,深圳禁摩限电,【上千名深圳快递员准备离职！一位快递哥的内心独白 - 产业人网】深圳禁摩限电事件沸沸扬扬，快递哥无奈，有的选择了坚守，有的不堪重负选择了逃离。快递君今日得知，在深圳已有两家快递企业的上千名快递哥准备辞职 http://t.cn/RqxBPoD,AGAINST
2872,深圳禁摩限电,哦对了，最近深圳广州惠州（特别是深圳）的快件会有延误，主要原因是这个→#深圳禁摩限电#,AGAINST
2873,深圳禁摩限电,对@深圳电台先锋898 说：天天时时听你们广播，每次听到深圳禁摩限电的广播就反感，你们在说假话，深圳龙岗爱联地铁站D出口2年来平时是4辆电单车在招手招呼揽客，2016年4月1日下午看到7辆电单车前4后3，深圳交警说立即派人，但4月5日下午又看到4辆电单车堵在D出口。眼见为实啊！,FAVOR
2874,深圳禁摩限电,两轮车其实挺好的啊。出个门近点的地方很方便的，就是在过马路时如果人人都能遵守交通规则不乱闯红灯的话，那社会就和谐了 ,AGAINST
2875,深圳禁摩限电,评论寒啸 的博文【[转载]央视、人民日报齐批“禁摩限电”】："从安全角度考虑，摩托车比电动车要好，因为它有声音制动好，行路人听到摩托车声可以提前避让，电动车速度很快且质量大惯性大）制动差，最容易撞人装车互相撞。从交警方面得到的信息看70%..."查看原文：|[转载]央视...,AGAINST
2876,深圳禁摩限电,【紧急！！！见到这个女人请速报警！】24日9时40分左右，4岁男孩廖子龙在江西赣州安远县版石镇菜市场，被图中红衣女子抱走，至今尚无线索。有知情者，请拨打0797-3724042或110与警方联系。转起来！揪出人贩子，解救孩子！,
2877,深圳禁摩限电,深圳的百姓们很老实啊，欺负到原始社会了//【深圳禁摩限电对准餐饮业:只可自行车送外卖】 http://t.cn/RqGPSED,AGAINST
2878,深圳禁摩限电,【分享自 刀笔吏 的@网易LOFTER 】里宁: 深圳严查电摩，扣人、车无数，这一雷厉风行的霹雳手段再次凸显出在吾国经商做生意所面临的无... （阅读全文：http://t.cn/RqcmzUN 下载LOFTER客户端：http://t.cn/RPU0pi2）,AGAINST
2879,深圳禁摩限电,#今日看点#1.新学期南山超4成校长变动，人事调整共涉及正、副职校长63人；2.望海学校10月开工；3.“春笋”有多高？329.5米，未来深圳西部第一高楼“身高”揭晓；4.深圳湾公园，你可以再亲民点；5.“如果需要，我们会帮忙修路”，家长盼荔海二道建设加速；6.“电摩”据守地铁口，仍有市民“挨宰。,NONE
2880,深圳禁摩限电,有理有节，备案制度应该有一两年了吧，我们公司当时集中办理过，并不是传闻的突查吧。 ,FAVOR
2881,深圳禁摩限电,#深圳禁摩限电#还好最近没买东西,NONE
2882,深圳禁摩限电,发表了博文《深圳“禁摩限电”：一锅半生不熟的夹米饭》一场被称为史上最严厉的“禁摩限电”整治行动在深圳进行，重点打击在地铁口、公交站点、口岸和商业区等非法拉客违法行为，此外，还将对严重超标、没有牌照的电|深圳“禁摩...,AGAINST
2883,深圳禁摩限电,想问@京东快递 在深圳禁摩限电的黑政策下怎么做到上午下单下午送达的？下的单以为今天收不到呢！,AGAINST
2884,深圳禁摩限电,#深圳禁摩限电#  当刻的中国应是个人行为最自由的时代了 而当我们国力越高 素质越强时  个人自由就越少了 所以。 |,AGAINST
2885,深圳禁摩限电,刚看深圳卫视第一现场报道，小偷潜入福田一小区，连偷５家，业主损失超２００万——两点联想：一，近来深圳盗窃案是否增加？二，与近来禁摩限电是否有关系，一些电动车不能载客谋生了，是否会转行做小偷？——这只是缺乏数据支撑的个人感觉，不足为凭。期待权威部门能释疑解惑。,NONE
2886,深圳禁摩限电,支持禁摩这一行动，摩托车非法营运每年都能酿成几起悲剧，闯红绿灯，不礼让行人，与机动车抢道，比比皆是！交警执法需要温和一点，切勿暴力执法！ ,FAVOR
2887,深圳禁摩限电,给非机动上机动车道的都是没开车的吧 你不知道有多讨厌？道小超它不是 不超它速度又不够又不遵守交通规则 ,FAVOR
2888,深圳禁摩限电,分享视频：深圳禁摩限电首日拘留三百余人！！http://t.cn/RqLQaP2 |秒拍视频,NONE
2889,深圳禁摩限电,深圳“禁摩限电”引发争议，摩电是民生，一刀切就是损害民生，懒政，治理摩电要抓好顶层设计。如何安全便民兼顾，习书记“治大国如烹小鲜”，摩电不只是简单的禁限，需要法制的思维创新的方式加以解决，许多城市难题，希望在实践中行之有效的方法，使城市更安全，有序文明。 ,NONE
2890,深圳禁摩限电,#治理拥堵#北京的治理拥堵毫无成效，原因是管理者陷入了火上浇油的怪圈，走不出来了。大家试想一下，禁摩限电要达到什么目的，和治理堵车有关吗？我说有，是逼着人们去买车参加拥堵。如果反过来想想，采取提倡使用电动车，促进电动车遵规守纪的一系列措施，来减少汽车上路，那拥堵不是就迎刃而解了吗？,AGAINST
2891,深圳禁摩限电,#深圳禁摩限电# 按照机动三轮车上牌就是了，就是需要C4本。,NONE
2892,深圳禁摩限电,【关于禁摩限电】这是明显的不负责任的措施，官方给出的原因是摩托车电动车造成的交通事故高，死亡人数占总数的4分之一（深圳），那请问：其它四分之三是汽车造成的吗，为何不把汽车禁了？造成交通事故的根本原因是不遵守交通规则而不是什么车，政府应该做的是规范电动车行业标准，,AGAINST
2893,深圳禁摩限电,【沈岿：“禁摩限电”考验政府法治能力】近日，深圳的“禁摩限电”（禁止或限制摩托车、电动自行车行驶的简称）行动，引发公共舆论的漩涡，并再次激起针对全国不少地方发生的类似措施之合法性、正当性的质疑。看似不那么起眼的“禁摩限电”行动，其实是在真正考验地方政府的法治思维和法治能力。笔者将,NONE
2894,深圳禁摩限电,#深圳禁摩限电# 已查扣电动车万辆拘留近千人，有公司日接件量从8万件下降到1万余件。非驴非马就按骡子另立标准就好，去年呼和浩特因限制电动三轮使得小哥骑马送件，深圳希望小哥们骑啥呢？中国和深圳的发展靠的是灵活和与时俱进，并不是靠扣押和拘留！法治社会不见法，拍拍脑袋领导大！#晚安中国！#,AGAINST
2895,深圳禁摩限电,布吉长龙这边能禁非法载客电摩和非法载具吗@深圳交警,FAVOR
2896,深圳禁摩限电,深圳为什么要禁电摩，电车？ 搞不懂……ZF 只用屁股想事情，民众怎么办！,AGAINST
2897,深圳禁摩限电,#深圳禁摩限电#我相信政府出台这个政策肯定是有他的考量的，深圳目前的道具状态禁摩限电是最合理的。我看到的评论大多是非深圳的，因为舆论错误的引导他们禁摩限电是针对快递行业。如果你们体验过深圳的道路交通，你真的会完全支持。横冲直撞窜来窜去，行人怕，司机怕，对于他自身来说也是一种危险……,FAVOR
2898,深圳禁摩限电,讲真，没有任何一个城市的官员会因为想刺激汽车市场去禁摩禁电，汽车销售走的是国税，环保还是指标压力大。更多是因为电动车影响城市形象和交通安全，前者是洁癖，后者是现实 ,FAVOR
2899,深圳禁摩限电,深圳禁摩禁电还是权力的任性与野蛮，反智反人性，反道的时代。好悲哀。不知抗议为何物？不知权利为何物？不知自由为何物？这是一个没个性的时代，只有奴性。野兽性。,AGAINST
2900,深圳禁摩限电,#深圳禁摩限电#4月12日，南头中队蜀黍在辖区开展禁摩限电整治，对摩托车，电动自行车各类交通违法严查。对涉嫌扰乱公共秩序非法营运电动车一律拘留。目前已办3宗拘留，行动还在持续中。,FAVOR
2901,深圳禁摩限电,#深圳禁摩限电#看到禁和限这样的字眼，特别刺眼。就想起来“道路以目”这个成语，虽然没这么严重，但是政府应该做的，难道不是疏导和引导么？不过因地制宜啦，也许人家市民满意？不过TY要是禁电动车就不得了了，毕竟公共自行车已得到充分利用，车道分明，秩序井然，发展暂不提，幸福感大概比深圳强。,AGAINST
2902,深圳禁摩限电,福田区岗厦村牌坊这里交警正在执法查非法电摩，有人暴力抗法，并辱骂执法交警，被当场制服，公安已赶到将抗法者带走@深圳微博发布厅 @龚文祥,FAVOR
2903,深圳禁摩限电,【感佩深圳文化 】孔子第79代嫡长孙孔垂长在市民文化大讲堂开讲。▲余英时余世存傅益璇严明 世事喧嚣与你静谈思想 。▲深圳一名大一新生昨在大梅沙海域溺亡 。▲南山三名失踪电摩司机均被一残疾拾荒者杀害。晚报早新闻，更多精彩请点击http://t.cn/zWmxJU0,
2904,深圳禁摩限电,社会主义核心价值观：富强、民主、文明、和谐，自由、平等、公正、法治，爱国、敬业、诚信、友善。有奖竞猜：禁摩限电是在践行那一条？,AGAINST
2905,深圳禁摩限电,#深圳禁摩限电#转发图片，加她免费给你做【表白】,NONE
2906,深圳禁摩限电,计谋性执法只抓快递，是为了摆脱公众对他们的执法力度的怀疑！载客电动车不抓是利益链条，抓个载客电动车500元可以提车继续营业！//【深圳禁摩限电对准餐饮业:只可自行车送外卖】 ,AGAINST
2907,深圳禁摩限电,汽车排放污染，不能号召大家以步代车吧，当社会物质达到一定水平，电动车自然减少，毕竟是底层群体目前谋生的主要工具，政府就不能以人为本吗？//【深圳禁摩限电，要多些情与法平衡】,AGAINST
2908,深圳禁摩限电,妈的，谁不知道中国快递行业在世界是一流的，你们这么一搞，岂不是釜底抽薪。,AGAINST
2909,深圳禁摩限电,可以禁，但是非运营用的不该抓，还有，既然抓了就不该罚钱就可以拿出来。『深圳禁摩禁电放大招：四种人直接抓_腾讯』,AGAINST
2910,深圳禁摩限电,你们这样报道不冤枉人吗？深圳虽然禁摩限电，但对快递业明明有特殊政策，快递业是可以使用备案过的二轮电动车，走禁行路段。这些人明明可以走正规途径上牌上路，非要图方便无证违章上路，上路还横冲直撞不遵守交规，不抓他们难道还要给他们发奖励吗？,FAVOR
2911,深圳禁摩限电,啥叫共同奋斗，深圳禁摩禁电谁整的，我的工资什么时候能到我手里,AGAINST
2912,深圳禁摩限电,我正在看#锵锵三人行# 完整版：深圳“禁摩限电” @腾讯视频 |完整版：深...,NONE
2913,深圳禁摩限电,#深圳禁摩限电# 以禁代管，政府实在无能！暴力执法！,AGAINST
2914,深圳禁摩限电,深圳禁摩限电太任性_  青岛也如此  禁摩限电 为何还要生产 为何可以买卖 为何不给挂牌办证 行与不行都是你们说了算？ http://t.cn/Rqyf0jI,AGAINST
2915,深圳禁摩限电,#整治直击#根据网友举报“大浪南路道路两侧电动车很多，在机动车上横行，建议清理“一、龙华交警大队龙华交警中队已长期联合街道办打非部门、公安分局、机训大队在辖区范围内开展“禁摩限电”整治，对辖区内摩托车、电动车非法营运、冲禁令等违法行为进行查处。2016年1月至今，共查扣电动车4800余辆、,NONE
2916,深圳禁摩限电,@财新视频【深圳“禁摩限电” 被改变的生活：快递员】深圳“禁摩限电”整治行动雷厉风行，快递行业首当其冲；90后快递企业加盟店主仅有的员工因遭抓车而辞退，店主请来双亲帮忙仍无法应付巨大量货件 http://t.cn/Rqo3BNy,NONE
2917,深圳禁摩限电,支持深圳交警！真该管管，亲身经历，一辆电动三轮逆向行驶，还是在一个高架桥路段，我从桥这头过来，到最高点看到前面的路时一辆三轮逆行迎面过来，紧急刹车外加打方向才避开，差点和旁边车撞上。 ,FAVOR
2918,深圳禁摩限电,这还让我们底层人民怎么活，看看你们这些开车的把空气污染成什么样！,AGAINST
2919,深圳禁摩限电,#深圳禁摩限电#丹竹头地铁站下面那么多摩的，你倒是抓啊？是不是交了保护费就视而不见！！ |深圳·丹竹...,FAVOR
2920,深圳禁摩限电,深圳禁摩限电，我今早中招了,AGAINST
2921,深圳禁摩限电,深圳的百姓们很老实啊，欺负到原始社会了//【深圳禁摩限电对准餐饮业:只可自行车送外卖】,AGAINST
2922,深圳禁摩限电,【“禁摩限电”：是对底层民众的漠视】今天他们会禁摩限电，明天他们就会砸烂其他他们没能力管的交通工具。更糟糕的是，这种管理方式明知是违法的。http://t.cn/Rq5yLj8,AGAINST
2923,深圳禁摩限电,3月21日，深圳“禁摩限电”工作开始集中整治。行动开展10天以来，共查扣电动车17975辆、拘留874人。然而有快递企业直言，因派件车辆不敢上路派送和接件，日接件量从8万件下降到1万，有些快递员则要待交警下班后才收派快递。,AGAINST
2924,深圳禁摩限电,到时候自行车多了，不知道会不会也禁止自行车上路呢？//【深圳禁摩限电对准餐饮业:只可自行车送外卖】 http://t.cn/RqGPSED,AGAINST
2925,深圳禁摩限电,【深圳禁摩限电 桥下“电单车坟场”-图库-手机搜狐】更多精彩尽在360手机浏览器！http://t.cn/RqLEwK0,NONE
2926,深圳禁摩限电,【史上最强悍促销】闹得沸沸扬扬、查扣快递小哥的深圳禁摩限电，是为了卖汽车啊？史上最悍促销，牛！！@放眼观粤,AGAINST
2927,深圳禁摩限电,我评论了新闻【西安现阶段该不该“禁摩限电” 专家:时机不成熟】：庞大的官僚队伍，对凡是不好管的事情均一禁了之，要这样的官僚机构有啥意义？电摩等交通工具不能只是禁绝，而应该纳入道路交通安全法的管理中，交警冠冕堂皇 http://t.cn/Rq0YY75,AGAINST
2928,深圳禁摩限电,#深圳禁摩限电#无药可救，这样不违法？,AGAINST
2929,深圳禁摩限电,大宛（yuan）一声【视频：2016-04-23笑逐言开 尉迟：深圳“禁摩限电”10天查扣17975辆车】：|2016-04-23...（分享自 @凤凰视频）,NONE
2930,深圳禁摩限电,晚上十二点了，窗外电摩喇叭滴滴滴的吵死了，我住二十楼都觉得很吵诶！请警察叔叔@深圳交警 @深圳市城市管理局 @深圳政府在线 @深圳公安 尽快给市民一个 ”关于治理电摩” 的方案 这个”人民内部矛盾”很尖锐呀，信我啊。@深圳特区报 |深圳·巴蜀...,FAVOR
2931,深圳禁摩限电,讲道理禁摩禁电好啊,FAVOR
2932,深圳禁摩限电,最近很多大V发微博BB深圳禁摩限电的事，我都想骂人了，净是瞎BB，批评懒政暴政，甚至唱衰深圳的都来了，可是每次一拉出评论我就释然了。为什么深圳有希望，因为我们懂得辨别，会独立思考，这就是深圳，大路朝天，我走中间,FAVOR
2933,深圳禁摩限电,#深圳禁摩限电#有没有想过，社会底层的老百姓怎么活，唯一的生存空间都被剥夺，买不起汽车，只有走了， |富阳市,AGAINST
2934,深圳禁摩限电,#西安身边事#【西安该不该“禁摩限电”】最近，全国多地“禁摩限电”。西安交警部门也集中整治交通违法，严查两三轮非法载客。数据显示，西安至少有70万辆电动车，而这仅限于挂牌车辆，未挂牌的“黑车”有多少，无据可查。电动车泛滥交通意识淡薄，该不该“禁摩限电”？来投票： http://t.cn/Rq54ed4,NONE
2935,深圳禁摩限电,亲爱的警官，人民卫士们，你们禁摩限电的时候能不能别只查自行车道上那些小杂鱼啊。每天早上骑车上学，看到整个经十路上全是无牌大排量摩托，就从交警身边呼啸而过，也没见着拦啊@济南交警,FAVOR
2936,深圳禁摩限电,深圳禁摩限电这么大声势，布吉下水径长龙路阳光花园门口还是法外之地么？摩托三轮载客依旧我行我素！执法莫忘布吉，布吉莫忘阳光花园，这里是交通各种乱象的重灾区！@深圳交警 @深圳龙岗交警,FAVOR
2937,深圳禁摩限电, 我骑自行车20分钟10公里，6小时100公里，根本不需要电动。来一起骑车吧，根本不怕他禁 ,AGAINST
2938,深圳禁摩限电,#深圳禁摩限电#徒步不是更好，不用交警，没有尾气。不要推卸责任！,AGAINST
2939,深圳禁摩限电,#深圳禁摩限电#在中国，政府做事永远只是去堵截，从来没有想过如何去疏导，好笑！不让用，应该是禁止生产，不是抓老百姓！,AGAINST
2940,深圳禁摩限电,深圳的“禁摩限电”专项集中整治行动。深圳狂查电动车，有快递员被拘，上千快递员辞职,AGAINST
2941,深圳禁摩限电,深圳禁摩限电 10天查扣1.7万辆拘留874人【深圳这帮70后官僚接班，也用不着什么颜色革命了。70后官僚这么嚣张，80后还不得上天呐。谁能救救中国呀】,AGAINST
2942,深圳禁摩限电, 珠海要是有这么高强度，市区就不会有那么多摩托车横冲直撞了,FAVOR
2943,深圳禁摩限电,有这样欺负人的吗？ 问了保安这辆警车“粤-02308警”在这停了一下午了，我就上楼那个东西，发誓没超过三分钟，就算罚也得一起罚吧，眼看着协警骑着电摩叫他都不理！ 桂圆北路，煤场路，智选假日酒店、雅馨居路边@深圳交警 请问这样处理公平吗？合理吗？,NONE
2944,深圳禁摩限电,竟然电动车都禁了，还留自行车干嘛？//【深圳禁摩限电对准餐饮业:只可自行车送外卖】 http://t.cn/RqGPSED,AGAINST
2945,深圳禁摩限电,没有考虑老百姓的心声，没有关注各个阶层的现状。这样的一刀切是不能解决问题的。 ,AGAINST
2946,深圳禁摩限电,祸起电瓶车！#深圳禁摩限电#首日拘留三百余人http://t.cn/RqLQaP2  |,FAVOR
2947,深圳禁摩限电,【禁摩限电：警方“禁摩限电”的行政管理“内卷化”做法，几乎和晚清政府为增加国库收入如出一辙：当外部发展乏力的时候，就向内部百姓要政绩。深圳出台“禁摩限电”的“奖励标准”，事实上是把行政管理权力度让给“想捞取利益但又不用对社会管理负责的营利性经纪人控制”， http://t.cn/Rq49CcM,AGAINST
2948,深圳禁摩限电,深圳沙井街头带冲锋枪查电摩,NONE
2949,深圳禁摩限电,汽车与马车的战争_罗友之家 联想到最近闹得沸沸扬扬的"禁摩限电"风波：面对电动车这一新生事物，并且它已经和我们的日常生活密不可分，我们是重新走一遍别人的弯路，还走出一条属于自己的路？道路交通规则始终都是随着社会和科技的进步而不断完善的 http://t.cn/RqX7Kl0,NONE
2950,深圳禁摩限电,#深圳禁摩限电#md 随便一套房子几百万 还要淘宝干什么,NONE
2951,深圳禁摩限电,电动车厂商应该严格限制电动车的速度，电动自行车的尴尬就在于，在自行车道上走，太快，在机动车道上走，太慢。如果按照台湾或者东南亚地区摩托车管理的方式来管理，就要驾驶员参加考试，严格管理。电动车厂商也要从严把控质量，为消费者的生命负责。 ,NONE
2952,深圳禁摩限电,标准没制定好，配套的管理措施没有，相关的市场监管没有，嗯，出了问题板子打在了群众身上。当年鸦片泛滥的时候，我们历史书还教育我们重要的原因是因为腐败无能的政府。选择性的依法行政，尤其是针对群众选择性的依法行政，这不是法治，而是以法律的名义公然耍流氓。 ,AGAINST
2953,深圳禁摩限电,看清楚，人家写的范围是“非法营运的二轮电动车”！深圳的快递公司用的电单车是可以登记的好吗！媒体发微博的时候能不能不这样选择性报道啊！ ,FAVOR
2954,深圳禁摩限电,这样的治理思路，真是让人心寒。,AGAINST
2955,深圳禁摩限电,#深圳禁摩限电#不赞同！这是对民生的无视，公权法的滥用！,AGAINST
2956,深圳禁摩限电,是有效果的，曾经看到非法摩的在路上乱串，还逆行，差点撞到人还在破口大骂。太讨厌了[怒]现在看到没摩的载客感觉路面上舒坦很多，交警治理很不错，我很支持。那些谩骂交警的人。你们没经历过我上面所说的你还会在这里骂？？？,FAVOR
2957,深圳禁摩限电,深圳禁摩限电，引起国人热议，我认为这种做法是深圳市政府工作思路简单化表现，应该规范运行，并不能简单一禁了之，电动车超标应该查生产厂家才对，没有合格证能出厂吗？至于车祸多，难道汽车也有车祸，就不允许汽车跑了？ |莱西·水集...,AGAINST
2958,深圳禁摩限电,政府为了税收，生产上大力扶持，用到大众手中就重权打压，左一个白眼，右一个黑脸为哪般，这是什么道理！//【深圳禁摩限电何以变成“疯狂抓车抓人”】 http://t.cn/Rqyb9cl,AGAINST
2959,深圳禁摩限电,#禁摩限电##开心一刻# 昨天，小偷把我电动车的电池偷走了，还给留一纸条，说：响应深圳交警号召，城区不准骑电动车，你的电池被没收了。可我这离深圳上千公里呢…… （转） |惠州,AGAINST
2960,深圳禁摩限电,#禁摩限电#今天南山邮局这里堵了老长了，蜀黍在前面捉电动车，逼得坐公交车的人都下车坐电动车上班去了。@深圳交警交通管理 @深圳交警 @人民日报,FAVOR
2961,深圳禁摩限电,#深圳禁摩限电#没钱买不起小车还不能买摩托吗？像一些上班族有些隔上班近的就走路可以去了，可是远一点怎么办？没地铁到然后公交又要转，买个摩托车好好的就要被扣，人家只不过是一个底层的上班族。可以给摩托车设一个通道啊，并不只是说就一味的抓车交警收了这些车子请问都是怎么处置的呢？@深圳交警,AGAINST
2962,深圳禁摩限电,#深圳禁摩限电#何为限，其实力度等同于禁，我更倾向加强交通文明管理，提高全民遵纪守法意识，不过对于中国现况而言是难了点，还是先禁，素质提高再考虑开放,FAVOR
2963,深圳禁摩限电,做为国内一线城市，只会堵而不会疏，这是逼普通民众全买车？城市能吃得消吗？【遭到广深封杀 深圳惊现电动自行车坟场】近日深圳又开展禁摩限电运动，收缴大量电动单车、三轮车。深圳南头立交桥下，长期堆放电动单车、摩托车、三轮车、小汽车，成了场面壮观的电单车坟场,AGAINST
2964,深圳禁摩限电,#深圳禁摩限电#关于深圳禁摩限电的一些个人看法，不喜勿喷。 |秒拍视频,NONE
2965,深圳禁摩限电,又能怎样，揭杆而起，有多少人敢，有种都去政府大院坐着去。//@静静静静靖靖:借用一句话，今天你是沉默的羔羊，明天你就是待宰的羊//【深圳禁摩限电对准餐饮业:只可自行车送外卖】 http://t.cn/RqGPSED,AGAINST
2966,深圳禁摩限电,我待祖国如初恋，祖国虐我千百遍！再问！我们的城市到底是谁的？我们的市容到底给谁看？农民本来就是这个国家的低等公民！开放城市的一角给农民有尊严的谋生计，怎么不行？！中国那么多贫民，非得禁摩限电，非得不许摊贩讨生计！非得把自己打扮成高大上？这样的城市，这样的社会，这样的国家，不爱也罢,AGAINST
2967,深圳禁摩限电,#深圳禁摩限电#喷的最凶的大都不在深圳，真是白眼要翻到天上去了......电动车载客的真的很烦，而且1km以内可以自行车或步行，1km以上地铁公交....好吧虽然比较挤。但总比在路上乱窜安全，总之很无语啊不了解不要随意评判，靴靴。,FAVOR
2968,深圳禁摩限电,#深圳禁摩限电#看来我要少了一批粉丝在地铁门口向我挥手了,NONE
2969,深圳禁摩限电,上月深圳以杜绝涉摩涉电交通事故、保障机动车顺利通行和营运车辆公平竞争的名义开展“禁摩限电”行动，此举引发很大争议。这已不是全国第一例禁摩限摩的行动，截至2014年5月，全国共有178个城市采取了各种方... |【“禁摩限...,NONE
2970,深圳禁摩限电,【禁摩限电：懒政与腐败的变奏？】陶舜：深圳执法当局不顾反对依然坚持“禁摩限电”，反映了两个问题，一是懒政如水之就下，勤政善政犹如攀登，二是懒政开启腐败空间，勤政善政则清汤寡水。http://t.cn/RqITrE7,AGAINST
2971,深圳禁摩限电,【深圳禁摩限电对准餐饮业:只可自行车送外卖】 呵呵，骑自行车我们行人也反对，因为他们的自行车道与人行道是共用的，而他们的骑行速度与电动车一样。反对！ ,AGAINST
2972,深圳禁摩限电,深圳最严“禁摩限电”出现反转 警方最新说法：碰到一种情况不扣   近日，一场被称为史上最严厉的“禁摩限电”整治行动在深圳进行，重点打击在地铁口、公交站等地点非法拉客违法行为，并对严重超标、没有牌照的... |深圳最严“...,NONE
2973,深圳禁摩限电,怀念大学里有电摩的日子，说要去拍拖然后跑到了深圳湾公园在海边拍了几张照片太冷了就走了,
2974,深圳禁摩限电,全世界都在看中国“禁摩限电”！来瞧瞧世界各国怎么说？（友情提示：请在wifi条件下观看！） |秒拍视频 .,NONE
2975,深圳禁摩限电,半个月钱旁边超市门口出现轿车撞到电动车了，电动车车主被送到医院了，事故还蛮大的 ,FAVOR
2976,深圳禁摩限电,#深圳禁摩限电#为何你们要对平民百姓赶尽杀绝，不留一点活路，不见你们去惩治贪官污吏，不见你们为老百姓做任何一件好事，你马勒戈壁，你们的下场会跟萨达姆，希特勒一般,AGAINST
2977,深圳禁摩限电,深圳的禁摩限电是一种弱肉强食！强烈反对！,AGAINST
2978,深圳禁摩限电,大shenzhen禁摩限电，执法者不出示相关证件。。额，呵呵哒 |秒拍视频 .,AGAINST
2979,深圳禁摩限电,#深圳禁摩限电#我为深圳点赞，为了发挥电摩的打击违法犯罪拯救地球的杠杆作用，严禁电摩上路，是正义的，是每一个有良知的中国人都应该遵守的，没有了电摩，外星人就没法入侵地球，深圳市站在整个宇宙的高度做这件让人民唾骂的事，背负了太多的责任，这就是深圳精神，拯救地球，舍我其谁我不入地狱谁入,AGAINST
2980,深圳禁摩限电,其实不应该禁，应该加强管理，考证！上牌！拍照！就会好许多！ ,AGAINST
2981,深圳禁摩限电,#深圳禁摩限电# 早该整了，快递开电车，真把马路当成他们家开的一样...不过他们工作压力大，或许应该从企业入手，他们只是雇员。,FAVOR
2982,深圳禁摩限电,坚决反对这种政府强奸民意的做法，既不合乎情理，有违反法律，中国难道不是一个法治国家？政府为何有如此大的权力横行霸道，为所欲为？,AGAINST
2983,深圳禁摩限电,#深圳禁摩限电#一群有洁癖的管理者，是最肮脏的。,AGAINST
2984,深圳禁摩限电,#深圳禁摩限电# 下午@深圳龙岗交警 组织警力在布吉街、丹竹头地铁站口对兜客拉客实施非法营运摩托车重点整治，查扣摩托车6台、4名拉客嫌疑人移交派出所办理行政拘留！@深圳交警 @深圳侨报,FAVOR
2985,深圳禁摩限电,为了好管理，就一禁了之，这样的管理水平，懒政真是懒到了一定程度了。 ,AGAINST
2986,深圳禁摩限电,#深圳禁摩限电#官老爷，穷人的实际生活你不懂…… |富阳市,AGAINST
2987,深圳禁摩限电,#深圳禁摩限电#按理说，自行车早该淘汰了呢！,AGAINST
2988,深圳禁摩限电,又见中国特色！可笑的是帝都部分街道也限制电瓶车了！为了少部分不守交通规章人的性命而剥夺大部分人的日常生活必须品！这是道理么？//【深圳禁摩限电对准餐饮业:只可自行车送外卖】,AGAINST
2989,深圳禁摩限电,济南市长杨鲁豫、东莞“三禁书记”刘志庚相继落马再次证明一点：哪里搞禁摩，哪里就有腐败。广州的任学锋、温国辉和深圳的马兴瑞、许懒继续为‘禁摩限电’加油鼓劲，杨鲁豫、刘志庚是你们的榜样。你们六个将来到牢房里好好商讨“禁摩限电”的百年‘大计方针’ @鲁A-阿峰 @漠北的阳光 @西安公交网天罡,AGAINST
2990,深圳禁摩限电,国家权力的扩张应该以提高社会运行效率为目的，否则其扩张就会成为国家权力的“内卷化”……在深圳“禁摩限电”的执法中，一个小伙子，拒绝执法人员没收电瓶车，竟将自己的车砸烂……事做得不好看，但是，道理却一点也不差——摩的、电瓶车是合法的私人财产，警方有什么权力没收？http://t.cn/Rq5cm9I,AGAINST
2991,深圳禁摩限电,深圳管的挺好…… ,FAVOR
2992,深圳禁摩限电,#深圳禁摩限电#是附于它们抢夺老百姓财产权力，那些是私人财产，强盗,AGAINST
2993,深圳禁摩限电,#深圳禁摩限电#有啥问题，没有。也没允许行人走，有谁反对了吗，没有。也没给飞机在路上开，航空公司反对了吗，没有。,AGAINST
2994,深圳禁摩限电,电动车_电动自行车_电动摩托车_电摩_酷车_电动车厂家_- 深圳新功之星科技有限公司 http://t.cn/RwMYoUR,AGAINST
2995,深圳禁摩限电,天天时时听你们广播，每次听到深圳禁摩限电的广播就反感，你们在说假话，深圳龙岗爱联地铁站D出口2年来平时是4辆电单车在招手招呼揽客，2016年4月1日下午看到7辆电单车前4后3，深圳交警说立即派人，但4月5日下午又看到4辆电单车堵在D出口。眼见为实啊！ ,AGAINST
2996,深圳禁摩限电,姑苏城外寒山寺，夜班电摩逛江枫。苏州两日游结束了，玩过水，爬过山。终于发现为什么喜欢深圳了，因为有山有水，上海只有水，只剩下一座山，不知道能不能爬了 |苏州·拙政...,NONE
2997,深圳禁摩限电,城市是发展了，人民是安居乐业了！可是，作为这个城市最为普通的打工者，他们需要电动车，摩托车作为出行工具，去讨生活！再说，什么又是超标电动车呢？既然超标，为什么还要生产！这领导啊，乱治，乱为！为所欲为啊！,AGAINST
2998,深圳禁摩限电,上周，深圳“禁摩限电”拘捕快递小哥的新闻引发舆论质疑。为了回应关注，深圳交警方面今天专门开记者会说明。深圳“禁摩限电”究竟是基于怎样的逻辑？,AGAINST
2999,深圳禁摩限电,我要求央视新闻集中报道深圳禁摩限电行为。让国家有关部门探讨研究一下。国家那么多专家教授，看问题看的很透彻，懂的多。//【禁了电动车，下一步应该禁汽车】 http://t.cn/RqUMPxU,NONE
3000,深圳禁摩限电,中国的上层就是不给基层人民一条活路...好累从3月21日起，一场被媒体称为史上最严厉“禁摩限电”整治行动在深圳展开，据深圳市交警局通报，http://t.cn/RqxVf63,AGAINST
